id,headline,country_1,country_2,source,url,published_at,text
40e36b1a5a0c247c9d9f,"India China Relations, History, Timeline, UPSC Notes - Vajiram & Ravi",CN,IN,GoogleNews RSS IN-CN,https://news.google.com/rss/articles/CBMia0FVX3lxTE5tOXhnOTNzbTJSRFZIcFJZdEF5U2dOZnVsZllPNEVMSDExcG1lYlRQZl9Nanhxb0tvQWJFTC1kRjRaTzB3MlJ5WExLc1ktZEh6MjdfSmdFb0tLQURPZjJwV3J3TmdGX29EM1Fj?oc=5,2026-04-09T11:37:16Z,"India China Relations, History, Timeline, UPSC Notes - Vajiram & Ravi. India China Relations, History, Timeline, UPSC Notes &nbsp;&nbsp; Vajiram & Ravi"
1c2de815f3865874baa6,"GT Voice: India should focus on long-term trade potential, not current deficit - Global Times",CN,IN,GoogleNews RSS IN-CN,https://news.google.com/rss/articles/CBMiYkFVX3lxTE9aV19JYjBnY3BoeHpZOEV1RmtYZWk0S256eklhNHRGQThqOG9jOEpFUjVKY29JaEVVNXNQeEdpLVFTaHZCVUpxTUdwNE5EZUQtOF92eE9xMUJVSWc0cUpPaERn?oc=5,2026-03-18T07:00:00Z,"GT Voice: India should focus on long-term trade potential, not current deficit - Global Times. GT Voice: India should focus on long-term trade potential, not current deficit &nbsp;&nbsp; Global Times"
58baf98010d2370f6952,"China’s Hainan boom could hurt Indian exports, widen trade gap. It’s a new global model - ThePrint",CN,IN,GoogleNews RSS IN-CN,https://news.google.com/rss/articles/CBMif0FVX3lxTE16d1NlQk1tTzU0Sm5XQzNNcGhmRXFFMElYUmY4YWZNUUNUdXVkc0JrMlVUbkJVS3hzd0NYWFNmVlR3UkptWko5NWl5X1dLaWFFT0ZmX1ctUk1KcnR3a3paR3BWMm9YbmRlZmF5ekNHVS1BWmVtUThRX2dGTzBhZ0XSAYQBQVVfeXFMTmRYa2czcFhwODVONGlRU1RDY0FrUVRhX1FuUjNWUlhhNmtDaWdNUks5eW5WdGh2eEgxSnh4Rm4wRDdEam41U1N5akhBald2UVl6TnY5ZlBLLXhIWGRVN29SZjIxWGtVMndDNVA4UnVwNDA5SkdYdmdJU3JkRVUwbWdQeHlp?oc=5,2026-03-26T07:00:00Z,"China’s Hainan boom could hurt Indian exports, widen trade gap. It’s a new global model - ThePrint. China’s Hainan boom could hurt Indian exports, widen trade gap. It’s a new global model &nbsp;&nbsp; ThePrint"
a515ab262b87921fdf05,India's trade deficit with China set to cross $100bn for first time - Nikkei Asia,CN,IN,GoogleNews RSS IN-CN,https://news.google.com/rss/articles/CBMipwFBVV95cUxOaUdNVXN0UmVWT242bllJb2pGVUhfeGtadHVtRmpScTVEZHN3dWZwVFpTbXlxcXBiWkVzaXVEMTVibGFJajQ2eE9ucmxaLS1aV1hrbmNuYXdZSW1JSVlyT3NzWFFmaEUwVVk5XzJlT2lYbVdBMWNPU3Z2dHo1d0VEaDlXRDF6a2VhS3FDYjhucWN2cHFieGdIZnBTX2NsSUZjTnUzZ21PQQ?oc=5,2026-03-25T07:00:00Z,India's trade deficit with China set to cross $100bn for first time - Nikkei Asia. India's trade deficit with China set to cross $100bn for first time &nbsp;&nbsp; Nikkei Asia
d7e5357576609ab79a49,"India China Trade Talks: Billion Dollar Deficit, WTO Tension Aur Bullet Train Ka Drama! - Whalesbook",CN,IN,GoogleNews RSS IN-CN,https://news.google.com/rss/articles/CBMizwFBVV95cUxOT1dUSUVVZ2Q4UkFDRHJlWFVkNk1kMXppM1dSQ21fYmNrWUZ3clViSGJnVVlKWlRoSi1fMWlnWVpkWHR3LXctYjV0SzRHclhVa1lVa3FKclp4VWwzbkVEbUthS3hOWklOend0RDVSeGhoRG4wRmFqQkxDUm5TM0NGMVBzTVVfWmp0MENkcDl5c0VuLV9FMVpONkNHdTZIcEZ6MnRXeDZmb2JLcFZUdUFsa3ZJNjBacWk4WUJaNXlkZlhpQ2RjZ29VYWxBWjNSRWM?oc=5,2026-04-02T15:10:38Z,"India China Trade Talks: Billion Dollar Deficit, WTO Tension Aur Bullet Train Ka Drama! - Whalesbook. India China Trade Talks: Billion Dollar Deficit, WTO Tension Aur Bullet Train Ka Drama! &nbsp;&nbsp; Whalesbook"
a92cb4ae0fb89ea0ed5c,India China Trade Deficit - INSIGHTS IAS,CN,IN,GoogleNews RSS IN-CN,https://news.google.com/rss/articles/CBMieEFVX3lxTE01eVZIQjZ5YkFRRjV0eVh1dW9fNEZZdHIzWkdlTlZWb3RFWURkdEhkR3ZsS3gtU3dSZFZPa2JoN0dHRkd1SHdhRmEyWjVvZlI4SjcxcE1YNktiLUhNY1NleDJ3cXh2a21qM1h3U015UDhMdmFLLW5HXw?oc=5,2026-03-17T07:00:00Z,India China Trade Deficit - INSIGHTS IAS. India China Trade Deficit &nbsp;&nbsp; INSIGHTS IAS
8b1eed1e71f1eba6379f,India-China border trade via Lipulekh Pass to resume after six years - The Economic Times,CN,IN,GoogleNews RSS IN-CN,https://news.google.com/rss/articles/CBMi4wFBVV95cUxPbnAwUUVMRXBmYzBWQVYzb3dFS0ZYQ1BtRmZneDhVR2xrSEZzY0pXcy1fZEFUQ2dyVWllaXI0dXZCSEhuSVVkZDlMdk1hRFRTbkM2MWVlakpDRktRX0czdWduNVdQMUxxS1NISjFTdmdjZUZEY1pmNFVuYWJ3OWJrQjBFUjNiUi1XcUx5YXFtN1pKVVZhc0lGRTV3bHlDSS1xMGtRYmlmdGxEVEJGMTN4WndsU2J1NkpXSndiRnBqelg4RS1kNGdtYlBIaXN1OVFWeFZvVXowSjRYMWMzVlYzQ1BfZ9IB6AFBVV95cUxPSjZMdTVKeE5Zb3JxMldTczZaVjNOT2NOQUFBd2QxWThvaTlHbVYyRl9lb1lyRFRZTF9kVlFOZ2pZWUdSM1BPcEFobXdza3I1QlNRMThSSTFIV1kwM0V4N3g0enVSV0l3TmdwQzNXSFJvZHRndVhOc281Y3Vfc2ViWU52X0VUalZEWEFrZXczUl9YMTZKUF84LW5STWZ1Mlh0MFktbXAyMlRmZHFBTk52WWJWLWVPRnpxNEJMRDhzV29obl9XYXpsTnJCNklZVGRuNDU1NU5pUjZMT0k3SU9kSURtaEVvc3pf?oc=5,2026-03-20T07:00:00Z,India-China border trade via Lipulekh Pass to resume after six years - The Economic Times. India-China border trade via Lipulekh Pass to resume after six years &nbsp;&nbsp; The Economic Times
f8fd2371e8caa21ea827,"Trade Deficit Nearly Doubles in February, Crosses $100 Billion Mark With China - TheWire.in",CN,IN,GoogleNews RSS IN-CN,https://news.google.com/rss/articles/CBMiswFBVV95cUxQWUJZQTBjdnlHTWVOUm1FLVJDUVlmcHZfcjRtZFdzMk5ZdG02TEx4enpuc1pGbzhlREotRW8wZUxFSE4tUTZKVGxpajdZa3FCWG5hRmQySFdHSGROMWFiMENaRmduNGUzQ3Bhei1KVjVWdDhtSjY3VkpfY0taQ2xiMm9HTGJuXzJocFZKYTFaT3hrN3VLclo4TTlma00ydDcwWW5YQkdRcXRnWkp4alc0bmRvRdIBuAFBVV95cUxPMDh5d09jMVVNWEJfWjQwSlBwdU03OGV0SUQzQTlueEZuSEtTM2VqbUd0b01uRk81elJNSlNUN3p1OTl0ZGdSdUlFT182RjdHSjZhc2hwSU5MVEdMZ2dsaWVfNnhiODdweGdGaEhlTWN2aldTSllZeTZHeVdQRGFVelp2MzZkQm9PWG9BdU52cHBvN3BsTGtjQVpkVnlNVTh0NFE3alByRlJxUUxPYlNUdFBRZjM4ZmVz?oc=5,2026-03-17T07:00:00Z,"Trade Deficit Nearly Doubles in February, Crosses $100 Billion Mark With China - TheWire.in. Trade Deficit Nearly Doubles in February, Crosses $100 Billion Mark With China &nbsp;&nbsp; TheWire.in"
b1862472a97f17ef659b,The door India left ajar: Economic ties with China see a calibrated reset with easing of FDI rules - exp - The Times of India,CN,IN,GoogleNews RSS IN-CN,https://news.google.com/rss/articles/CBMingJBVV95cUxNMEoyLUlkbUhCYl9EOU41eTZUc2ZvczI0dGY4cUt0RTV3SjM5NXFndmlaYlBRWkI1a1RTQnhDRVYxWnd6YTZfN3dQd0MzUVR6UTcyay1UbGd2eVdtcVdfbUxROFpvRnJhbWV1TURCdG9fZ0paVFlaSEhVTzRJcVZ6YU8xazY4QVptbEZJbDlseFJibzRQbVNfWERuQWNqWnNzdWI5eWRCTG1UT25oS3ROaXN4T2ZPYmw0NDdQdVBqMVlUaFRMME80U0FkeUJHdkRaWlpvRVo0YnZTTV83NFd0X28zdzNHV0JfbmwxbE9FNDJ5NjhCOE1KTi1nOFVQLWZKS2JLX3MycGhtUk1yeWJyWUx4b0U1M1BpZl92ZFZR0gGjAkFVX3lxTE03eEk5YjYwMGhYaWlxOW1FZ3UxcWxTQnV1SmFNSDNtcFR5WlA2bEVDbDF5c3hndTFnenB6MVdyOGhJcDE3TERmWEdyUjJfc3JtaWNnajhURVdiVGFmN0JBekRSSG5lY3hwZVpqTnRkU1h2T3ZaUS1xTUdsXzlxTzFNNHFGUm5wcVowLWJweTNRNUs3RHhXVV9qSnQ0UEJfOWtHVmtlUzg0dkQ4UVVXUDFabTRLV2pXWlRVOURpYlc1MXF2bmVJMTJZdnFwQ05Kb0ZkbERYcjFUM1A2NGpTbks1d0xUbVlWWHREdFhwNHA3ZnlHTk1PYmxJZFktQ0k2R2xtelpfdlUyemxGX0N4YmZGdnZPQkQyZ0NXRlIzcVhyQTBvcw?oc=5,2026-03-22T07:00:00Z,The door India left ajar: Economic ties with China see a calibrated reset with easing of FDI rules - exp - The Times of India. The door India left ajar: Economic ties with China see a calibrated reset with easing of FDI rules - exp &nbsp;&nbsp; The Times of India
d4acc1260a4165024099,India revives China trade route after years - MSN,CN,IN,GoogleNews RSS IN-CN,https://news.google.com/rss/articles/CBMi3gFBVV95cUxNMDdybHdZSnpOUUVqc0lHWWFZVjJvUUVqY1JUZnhNLXQtdDctcWl6ZzRDVHdlNW0zUUhoZXZXbFZIRmMwLS0xYi1ZdVB4b1R1WGhtdElRazlfcFh1QVNCWTVZVnJpcmJTQzVHSkJzSEIzY0ZzUTdKcGdUcmNfd1hOM1pEcFJYbE1fZmowM25jWW8xUFlBdDkxd0JQRXJFckdwSlMzcXF0aHJFYUlKOWpsU0dybkJpMnVtQkpVbGRVZ0RWYVBqclRrZmZjUnR5RldsVDl3N1JSejFjM0lab2c?oc=5,2026-03-20T07:00:00Z,India revives China trade route after years - MSN. India revives China trade route after years &nbsp;&nbsp; MSN
d67e8d737eec8923cd02,China may face closer scrutiny in U.S. forced-labour probe: GTRI - The Hindu,CN,IN,GoogleNews RSS IN-CN,https://news.google.com/rss/articles/CBMiwAFBVV95cUxOM1FkZ1JqX3V2TVZ1NmhFSjVISUxhaGdrc0FUWURMRUlEdWU2QTNnc3Z6eFN5QmVNUXA0WTU4MVp2dEVVUThtcmpnM0NTemp1VUhVenVIZXhTQVpjWDZZb1l5Y3BBMjU3VE55QVdlclVmUmxsZ2FHdGtrdUJ6NHg1bFhuRnJBbHdjeU5JanJ4VWVlT1BabTFCaU84ZldwQWZxV1F2S1I3cFN5Ykk0NGg5ZzVLaHBIT19iS1lsaUlwYXXSAccBQVVfeXFMTTVMcHhVZWRSSjZMeE0xWF8tZ2RHdG1JVWt1MnFfN1lOZnZLRGc1bEFTV011OXctbEpSRC1YcnFZN00wQ1c4TUVBV2hQT0N1U3BlWV9qU3g0c1NhY240SXc5TWZKMVpRalFkM0Jpcl9GSXlNNzY1QXFMXzBvaTR1aHFFNWhkSFlLSHFHUG9fc3YzMFhKdEhJQkdLQUdsWkdjd1lRdFAxWkthaFRmeXRnVXYwZGg2SUVQVUZTRFdtUk9tTUdadjMxZw?oc=5,2026-03-15T07:00:00Z,China may face closer scrutiny in U.S. forced-labour probe: GTRI - The Hindu. China may face closer scrutiny in U.S. forced-labour probe: GTRI &nbsp;&nbsp; The Hindu
12c7241e5ecd8232619a,India-China Border Trade Through Uttarakhand’s Lipulekh Pass Set To Resume In 2026 - ETV Bharat,CN,IN,GoogleNews RSS IN-CN,https://news.google.com/rss/articles/CBMizAFBVV95cUxQdDQxOFRZc0ZyZzhOQjE4cC1abmNUQ2loQ2ZuQ0dGY3BtSklOd0s1bDB6TkdXZkxjNjNFcTlkM19uSWNoMUxnSUpMWWNCcFhwUk1MZjFyaUdjaTN4UkdPTlFNUmJDSEkzR040dFpua0k0NS16VWl4Vl8xWk1vYll3VDUwYXlaRDdXWThvUGhqMUw2aHlIOThSUTBCMGhwNFpGMlZZMkNGMmswQl93bFZKNnJkLVdrSUhPQnJfZlo1UXJENU5oWXBtNGJ6RE3SAdIBQVVfeXFMT09UTmF4MF9KNHcyVDh3a1VaS3pLZXJZYWVkSm1hUDJ2Ny11WmhKa2VHV2R2NllqYXh6elpzLW9RRzVNTHU0X1c0NW9HdjBWbFJuRS1fTGwzZ09iNm9Nb1BEM2RZMmVmMWhKSXZvN2FBSTB2QXhIRG1QRWNFd1RPRl9UWHlJQ3RNZHBSOWNOWlBQZ0d5YUZPdVd4VVdFb0VMd2ZVZU1IRXFxbnFuYWZ6NXVfZndYNW1Pd0RGWHBVNlB4SGxGZENPWmlhNWZQbnJ6emx3?oc=5,2026-03-19T07:00:00Z,India-China Border Trade Through Uttarakhand’s Lipulekh Pass Set To Resume In 2026 - ETV Bharat. India-China Border Trade Through Uttarakhand’s Lipulekh Pass Set To Resume In 2026 &nbsp;&nbsp; ETV Bharat
dbc3e20e4568408d252e,India’s renewed focus on free-trade agreements - The International Institute for Strategic Studies,CN,IN,GoogleNews RSS IN-CN,https://news.google.com/rss/articles/CBMiqwFBVV95cUxOY1plUW9HbHcwRmlWaHhIU3lvLVl3MzN4VUZvOHZXblFZMWZKNHR0Tzh1ZEF4RFBybTBOQThXWXBLVlNzNmEwNHZud0xwVnM4ZVp4bTZDSVphT3dVY1J2dFRlb1BpekVsdWhFS2pFbHRIMHI4VTVUalRMcVhPaGE5elVYZUQ0eGJiQ0xTRW56MWJYR2VDZ2RGWkFIeU1UM0duWklJZi16TUNHSWc?oc=5,2026-01-26T08:00:00Z,India’s renewed focus on free-trade agreements - The International Institute for Strategic Studies. India’s renewed focus on free-trade agreements &nbsp;&nbsp; The International Institute for Strategic Studies
443c2ccf5fc9ef4c3a64,"India, 39 others raise concerns over China-led investment pact proposal - The Economic Times",CN,IN,GoogleNews RSS IN-CN,https://news.google.com/rss/articles/CBMi5gFBVV95cUxPc21ZeHVEMFlycHdza1FoY2FpaVB1TzlseVN4S0dnM1VucXhTLUJlSEFTMkk1bzNpREdkX1ZLcGpPcldNTkl4WFJvRlRYUlU3TnZrcnVhcDc3bEJHQU0yVF9Qc1ZaR1daV0NfUmpnYnlSVEhNQzg5RDZBaUJGWXl3TTcxYTFVZ21jTm5PcHVJVDVWMUI4Ulp6ZnI4TGxYLTBRY21ON3U3cEtNV1lfRy1VM2JjQ3pjUXlPSndoVGoxLVJ5MnE1eUItSm1oUldfdk9JRkhkUVFxa1g4YXVBT0ZXelVlbF83Z9IB6wFBVV95cUxNQ3BHSl9LSlNyZ3VfeV9BbkhFTFRjdjlpaGFLdmVSVVNybnBydEdYNWtkYlBHbnJxOWN2UkpqZU1pZDhPcEJqMHpDN1V4NzZzZzJpMmo0bHZraGE1Q3pVczladnZ3Qkw2bDRDUGhjZnlCeDA0YmZXQjEwT2ZISnB2aXpIMS1RLThRUWdaUGw5cm5kQ1lwOWluRkV5Ynp2Q3ZHRzQySVR4U3RtYkR2Yy15dDczbzlaeGpCYWZ1bmZXb1hTNmlRZHZRRHRRNDBVRUhiblkwRElpa1ItUkJ4VXhCaDRyVHFEdU9KQnZz?oc=5,2026-03-23T07:00:00Z,"India, 39 others raise concerns over China-led investment pact proposal - The Economic Times. India, 39 others raise concerns over China-led investment pact proposal &nbsp;&nbsp; The Economic Times"
d03804e777503ea87a7d,"External factors unlikely to disrupt India-China trade as both back multilateral trade, says Consul Gener - The Times of India",CN,IN,GoogleNews RSS IN-CN,https://news.google.com/rss/articles/CBMipwJBVV95cUxQZXE1N1A0NkQ3VFd3NVhRWjM5Z2Z3QTZGcmtPVGJ4OVdqd2NmT3QwMnVhazZGMXN3S2VDd1NSMUZSc2REZVotUVRScC1IeU44UHo4WnhnYnZhTnNSd2x2STk2QWpWVnp4N1cyQWZSTERiY3prczN0VmpTSlFLZzFWRUw4U2psWHU1dEEtUmlGR2duT0tMM3NFR3ROMGhDS2ZaT296NXp3OTBnYmtWU0xxQ2tCQ1M0MVNySjZwRmM2eVhQb01PUDFGak1WVE1jV01nMDdYTE9iQ3c1UmttVXZaN1NaNVpOaXRjWWVvM1VIQ2xNV21Fdk1rTXJuYXRXVjB2NXYzWHRUNWVRM3BnUEZTSERFbjBQcGRpcE92MUs2VS03bi1NWFlF0gGsAkFVX3lxTE9iaFZBcWhWYS1RNThiVWxCSDRVSmRrUW16N2pwemtpRHB1V2ZSal9xWmt1RUppMTJUNFE1WmJ5ZG1zbHFPOVBuMlc1NmVwRlZCSDNGQWlHTzZibDl2MWJSTDdwbEg1N1c5a04xQkFkYmoxVk1abDZiZlVmT3JHQU5LRC1YLXZodVNObEZlbjhMcldYNThkVnJWWXZzWWVZYkhYSElaZzI2VlFnaTR0WlAzaEFQNk01TkZYWlJhUlZVUUdudFJoMkNmX3VOamZJWEh0NTkybXpaMUFUMmQ2OVozZTlvSmxqR0s1NGk4R3JoVWRaOHpMQ1N0RG9zc0JsRlluU2JpV01vVE5zaEJDZ2dHTzBUcEpWY3pTV3dBdERjYXFWbzQwUUhPckJnUQ?oc=5,2026-02-07T08:00:00Z,"External factors unlikely to disrupt India-China trade as both back multilateral trade, says Consul Gener - The Times of India. External factors unlikely to disrupt India-China trade as both back multilateral trade, says Consul Gener &nbsp;&nbsp; The Times of India"
ae13ab60d16b1efbac37,India to revive key China trade route at Lipulekh in June after six-year break - The Economic Times,CN,IN,GoogleNews RSS IN-CN,https://news.google.com/rss/articles/CBMi8AFBVV95cUxPdk95bjljeDdfWHFCSFdDLXhpd1ExUk0xUVRETi1jUVNaaklHRDFHaGd2LUZBNktzUk8zaXJybDNlenVGS29jSDB3NEwzN0tZTWlQaE5COGEyRFh6SnNlVkxVMHpsbEhnbXltN1ZhbkNMbElkTGVxTWZmS1N5OXVfOElDV0pHdUdKaTZXeDVIV3JmRGotZE5LeWI0WE8zR0xsM2hVRUQ4YW4tdXUwajdyRHFoekc3bTVrT0ZZY3VDNHR5cFAzQk9BMXlOa3pVV09oeE5fakluZWVlTEUxZi1nbjAxLU1YcHdNZWpKVHVWWjLSAfYBQVVfeXFMTVhwWGVlT1hZTFRWYXlCbjl1bU9NS0FKTVpVbDVEVElSWlhHYzJCSndPYlVYcjFib1JvOUczN19ienVFSW5XU2NLanU1aU9XUC1DU3M2RHFkVmFrQ2c5MEFLM0pGb0lBeGg1X2M1dzkxZ3BVOVhDaUVCMUFaNGYxeXJkSko5QUpISkhfSElHNFRYa25TdEg3bVZITHVEY3FSdUl5bVNTTWhVbzFDTlExRkVsQ2xEMXJ5UURLbUc2Mjdadmt2c3hLeTZqUHRCTm9IWWZKaWZWX01MMzAzOFFVOHZjaEMzc0p6UnV4NE1yWThDTVBGcGhB?oc=5,2026-03-20T07:00:00Z,India to revive key China trade route at Lipulekh in June after six-year break - The Economic Times. India to revive key China trade route at Lipulekh in June after six-year break &nbsp;&nbsp; The Economic Times
96d18464c1a516989d68,India’s exports to US fall 13% in Feb; trade deficit with China crosses $100 billion - The Economic Times,CN,IN,GoogleNews RSS IN-CN,https://news.google.com/rss/articles/CBMi8wFBVV95cUxOS09GVlRVd0t0NHY0amJVVTZPaUlZY00zbU9xMTl1WUczdS1DaVc2SHdtMUxuX1ZGTHhvUEVDbU5GY2JNZXNFWEVzOURweGltLXl2bFA5T3lTVGUxbkw0Qk0wUEZtRXp0eEYyTkpRRlhBNTRETGxncFI1Q3RvaFk1TlQ0VFBReFNhbWFqaVRqLWtpd3MtcmtVak9SYW04ZTZJeXNoNWRjZElvZ19OMUhQd051VXkwVlg2ZjhXSlhMS3JHSFFhV1FJeW5STGF2TlVDZXlVLWhZWTlWNTNpalQycDZNNThlUFNnTW00eFNFOW9oLUnSAfgBQVVfeXFMTWVLQWprUFcwWFdnamtURDQ4TmRUcGtRMl94dGJQdTJCR3l1aEdmME90a19RYU9wTW9jdDVyNVBzWDk4SFVycTV5VmduejJ6MlJ5R0o0SzF6dXUzV0wtVlEwVkg1dFQwemF0OGRLYlJUMGhldy1yUm1sMXV3ZHhGT1FTODdXUXY4clkwTEVJVXNpYWo4am94d1Flai10UGJEY1BIZTMyaTc0bFZQN1F3NDlsMW9aYVJYbEMxaVlRYWduSGdLdlhWMEliTjh2cWdWa0w3TzI5VEhWdmRrNUVFQl9EMVJuOEc3cl8wV2NIWXhLVjJVX0ZUYXU?oc=5,2026-03-16T07:00:00Z,India’s exports to US fall 13% in Feb; trade deficit with China crosses $100 billion - The Economic Times. India’s exports to US fall 13% in Feb; trade deficit with China crosses $100 billion &nbsp;&nbsp; The Economic Times
a08a92d327cdd1519786,India's oilmeal export to China jumps 20-fold to 7.79 lakh tons in 11 months of FY26: SEA - The Economic Times,CN,IN,GoogleNews RSS IN-CN,https://news.google.com/rss/articles/CBMi_AFBVV95cUxNTnZXc2JaV0paZGRtTk9lNVZDdG1qSXpJT255NldXU3JMUmNvYTR4dVdBajN6UUJLckVQS1l0OEItZlhYbHlBRnpzdWFtOXB4ZU9iQlN6UWxhMzVfM1FRTkVncFg1YXR2cEptalozeWlVaGxrSk1FNU5LaHkzSEFMVTAzTVkzZnNoa0M5enFqUFc4YlNGWXF0dXJkUXUwaFdvdDE0TGNGRk1qckwwYmFQS2s2LXpzWUJ1OFJWUnBvMUtsM1VhN3lKY2c2TWEyWFU1TlhidElMcHl2MkppemwxQVZILVNIZW40UzlNaFg5M0N5YThHR2dSbnJRME_SAYICQVVfeXFMUG41cGZzTm5jTHp6dk52c1c1dVhiNzJfM0ctSnJMbTNKa2h5ckxsYzk2TWRFQ3dlUExoa2xTdzhxa3dHc1o5TEVvY1o1T204THVoYmJwRHdKbG81QTZOLWY5V1gzOFBjZ3ZLQUs3VjlLb2d4SE8tcTdGdENsSGcxUTJqRllyQlM3Y1Q2dVZScjl4N0g1REg5WmFkNlVfQ09ZQlVIaGhEVXU1dlpUVG4xcmpYR210LUd4QlNXYWx6SXVfVjl2dXNFX3dIY2lyaThwRVVmaWN1OWlXdWJ6aU9iME5ldFJBWFhlNkh2YkJzamMtbm5KOTgxbXdXZzY3ZXEzTktB?oc=5,2026-03-19T07:00:00Z,India's oilmeal export to China jumps 20-fold to 7.79 lakh tons in 11 months of FY26: SEA - The Economic Times. India's oilmeal export to China jumps 20-fold to 7.79 lakh tons in 11 months of FY26: SEA &nbsp;&nbsp; The Economic Times
f5b494349e3ea2d7e3f1,India-China bilateral trade reached $155 billion in 2025: Envoy - The Economic Times,CN,IN,GoogleNews RSS IN-CN,https://news.google.com/rss/articles/CBMi2gFBVV95cUxQUUlFZUdjUUlsOWtkeWtUeVJuZGQtSHJROWdSMjk2OXl0RFZab3dzM3laV2dMWWZUcHRvOXFTYk5YUm1hdlFUUFY4Zmd0YnNPWDhMNWZBUW1WcFBBRzducTRrMzgwcmpVbGxYVDFzMUxVRTZZczRpUFFGMWZOSHhvaU9WX3FJWmsxaFh3bElZM3BYQ1h6TEFfMF9vTk0tYlNGUTdhSVJQRGdkcGdPM0Zxb0pGc282Y3dLNDFXYTNweHlQY0ZpMWI3d2ZJWjh4ZFBHcUNsOFFydnc4UdIB3wFBVV95cUxPTU5JZjV2ZGZoZ0Z4LUxETHJpSEQzVW0xZnlGdkRhYXQwc2k2OUFCQXphRHhXdUVOTFFFbExKU01MaGRha3VMc0w0N20wRlgtd2swWnhnRDV3N3BleF93anhlb21zTlZVdTdGUFFuMndYZ2lGY1dZSVRQMklLY1NhSGhxWDJhc09jdnhkSkpSQy13aUVQS2ZYcVoycUxGSkFNaGt4djJiNE96eTl0US1MWWZGQjh2MkI5YUwzM0h2Y2FCWlRVNllZVmUxT1ZUaVBabkpZOW1WRFM5cTdyRVZj?oc=5,2026-02-03T08:00:00Z,India-China bilateral trade reached $155 billion in 2025: Envoy - The Economic Times. India-China bilateral trade reached $155 billion in 2025: Envoy &nbsp;&nbsp; The Economic Times
f02b2f07a74f6152c15d,India-China trade: Why a clear sectoral export strategy is imperative now - The Economic Times,CN,IN,GoogleNews RSS IN-CN,https://news.google.com/rss/articles/CBMi8AFBVV95cUxPWVlZeklBc3o0YmVzNG4xa2FZZC15NnNXRjVmQ3J0TzJ0WXJLUnBvX1FZekJyaGRRWU03MXEzT3ppT29UcXRITE9HcjF0MUpIektJNk1id3RmaHpzRDg3b3U4Y2lNRnh2SVBReXVxSWFCWG93Ym1UenRJSzJOTnh5SkxkZTJhWGlrYnVZMUM3a3A0eExjNHZGUWZTUkhsZFRpZGdOZ1Rkd2pzYVlabmFwTE9ZU3hqZ3IwZHVYLUxuMk1vamdmR0J0ZnM3dEdIcDNHQlk2S0R4cjF0MmF5alhkOEtEczA2OUt0N1NSVGMxblbSAfYBQVVfeXFMTlBVU2dSb0trSndhMzdkcTVNOXQwa2QxU1hoNk5CR3NqTHpMTEhDU0poY3R6Qnp0Ulg3Q1pPVU5wSnVxRHdWcWVPaVY4WlhiMEdCSUwzMlZTOHhCWUJ3Q1ZrbnV1N3NkcF9KMGhnNEstbnN5RHBMOGlETXkzeExiNmNFQTM1MHp6QmJBRHZ5VTRXWGhYcFd3eTVJM3hVd1ZKanh0RmZxSE5tYU5YTU5MYVU5WE1kd0dKcUtnN0k0ZWwxRDd1Z2dXY2JlMDlweDZzY3UyNG9zNFZYV1l4OS1DRGNmRk02Sk5IcFhrWkh4WG13LXdwVE93?oc=5,2026-02-25T08:00:00Z,India-China trade: Why a clear sectoral export strategy is imperative now - The Economic Times. India-China trade: Why a clear sectoral export strategy is imperative now &nbsp;&nbsp; The Economic Times
bdc80726370d37eb0ad5,‘A reset and fresh start’: India–China bilateral trade hits record $155 billion - The Times of India,CN,IN,GoogleNews RSS IN-CN,https://news.google.com/rss/articles/CBMi8gFBVV95cUxQbmRvSmg1dXdvbjd2TDFFY3ZwM1lOVjB6cDU5LVB3WExBeXRTbktKTC1HNGU1TFhkRm1odkRuMEhqUVE0RDdyUXQxajZjVDVtbXROdi1id3ExTDBNd1VtRDF5SkZ0X1p6cnRiZjJaLXp0UDBfMjhnN3czUzAzYTdWcDlTUHRQdGM4SXA1YjI2Q3Z3c3d0SzFZZXJlaVpBbmdNMXZtYXRaSVp5aWJDUkx2WG5CTGNidUVQYzVRTnFTZm9uN2JLU3kxNm5XN0tBZDVCeU9IVE1OaVdZOC15T0hqT0dLSHFTc3NUdEJ1OG5rLVNGUdIB9wFBVV95cUxQRmNYYnJOY2dwMkRBbWV3d1A1OU4ydjNlanJzbTF0VzlkU0FzbW1zYms1U2xhNERsSURSZlBFakx2N3RuODdyaWhXdWFSaHR4aWlvV2VOeGpaSnZ0bnRZWV9WcV9tU2RvM095Ri1WclJlU2tCQ202dVotZnVfUFJBc2E0aUpTejd5bU11X3M1TU91QWhJN1RJMVIwaHc2MXZuMnlVS28wZFNVR09Ic3lrdXB0cnJndm96QmcyY21fVlBrbkNCZE9Id2dMV0pENnRsc1hlcVN5cXpMdzE2OU5pOVV2czl0UFRQMWJiUTgzbGo1ZVhUM0pJ?oc=5,2026-02-04T08:00:00Z,‘A reset and fresh start’: India–China bilateral trade hits record $155 billion - The Times of India. ‘A reset and fresh start’: India–China bilateral trade hits record $155 billion &nbsp;&nbsp; The Times of India
e9dc0605ae329a7056b0,India-China Trade Hits Record $155B Amid Deficit Concerns - Whalesbook,CN,IN,GoogleNews RSS IN-CN,https://news.google.com/rss/articles/CBMi0AFBVV95cUxOSDlfWnlpdkx1ZWNQTVRHTDhNUHhrQ2lsSVE0VHFVMlR5cjl0NmNwN1I0LXRDa01sSk1XLWNIWHZtOEpTR3B3Y3Z6QThJa1htV1VzMnRxTTFROUhYd2xfZFA4ejRMcWVraGF1RnRiZnNWQ2x4MDB3bGRyQUd6bmFuZmtfdkZ5dktBeTN6WFlqWHNLTXlDWVhiYi0zMFFUUXZWLXpTSFA1Vi0tQ01tYjlHTHZJcU9zZUxEMjZleW9xb2ZzalJBY0VGdG96VkRwX3hW?oc=5,2026-02-04T08:00:00Z,India-China Trade Hits Record $155B Amid Deficit Concerns - Whalesbook. India-China Trade Hits Record $155B Amid Deficit Concerns &nbsp;&nbsp; Whalesbook
37bf9157d429cc532ec2,India exports to US fall 13% in Feb; China trade deficit crosses $100 bn - Business Standard,CN,IN,GoogleNews RSS IN-CN,https://news.google.com/rss/articles/CBMi3gFBVV95cUxQN3VEbHh6LVZBbnREcUEzLWNaTEMtbG9idGdaemo1M1ZhUWdwSmZ1S3pIc3JBYVBlX3JkVmNEV2h1UWZNWGlGZGd5Q3MyLXBCQnhRek9rVjlrd3BHWDQ2a2twSlEzTFA0d0FncGNJUGZoYWh1bGdkTWJjXzJza1NDYVZPbzc3OEdTUnBNN1E2U2pIbXpuNTAtM1ozRTdFTTZiS0pURml1T2JZR3l2MllTQWV1WjJtZXp4M2tQeDhfN1B5Ny1aWGJYV3hfOHBDa3BoWURfd2lzeWJCdUZaNlHSAeMBQVVfeXFMTmhvbmZsN0FUUGtQMXEyRDZ0M1QxUFg4WHRXNTN4TlhZZFUtdW82U2hYeGltajlybm1IcTUwMUpxT0pBRHdJcXgzT082cmEwR0FfVXdRMGZ0TUxjNGZIYWpFVjVUTVJhMkNpamNLRnpXYVdDMVJvaURZQVE4VURjLXBOaW0tdHNiYWVnYWN0ZUhSVlNqZi1pWmNyZ05EWU91Z1JydFBndG1yWHNYc1FQOWFJM3hoRklGNzFsRzM1dF9yV2ZvUTZ6NmFQM3hwNVBCeVhHUElxdGZNNDBoaHdnR2hqWUk?oc=5,2026-03-16T07:00:00Z,India exports to US fall 13% in Feb; China trade deficit crosses $100 bn - Business Standard. India exports to US fall 13% in Feb; China trade deficit crosses $100 bn &nbsp;&nbsp; Business Standard
587a0b58365c47ff6088,"India-China Trade Relations, Border Disputes, Related Concerns - StudyIQ",CN,IN,GoogleNews RSS IN-CN,https://news.google.com/rss/articles/CBMibkFVX3lxTFBPOGdmVVVxbTQzcXlnSzlmZGNiTF93LWNNVkNkRWxMcjFkZ3pjcVFpMzdnal81bjRQT0ZhM3dFa1R5Qk4tVEp3QUpqMUtzTm5IcHVkMFVZT05wQlphQmZJWmpjRTFMSmV3SldsQWVR?oc=5,2026-03-23T07:00:00Z,"India-China Trade Relations, Border Disputes, Related Concerns - StudyIQ. India-China Trade Relations, Border Disputes, Related Concerns &nbsp;&nbsp; StudyIQ"
2e580eee5ec59f17bbdf,"India-China trade: India’s exports to China rise in 2025, deficit climbs to record $116 bn - The Times of India",CN,IN,GoogleNews RSS IN-CN,https://news.google.com/rss/articles/CBMiggJBVV95cUxPVkFlc1VsYktJb2FsZmw0LXA4LTlDa3FmVWJyWUFMV1Mta3ZNNkdCLVhtVTQyQmJyR2pmWkR3NmFpMWhLZEhvTFZ6UVFtZVBxdk9HYmZEY3Z0cTgxREZMXzAxanRhaWRXX0dOc1BzVmFlYlZtUWRub3Y4LVU2a3RtczhBQkZJRVpYWmxBWVdsYVlRaS1Edk55ZmpqVHVaaVoyMkJtWXBveVZwM29rT1hyeVhvYkZZQjUzbEVvUnBpd05BVXMtZVFZZ2FlaDZ5NTJNNnVNSU5QQ1l2OE4wekoxbWJadUFBVmprUlRDMXFldWkyak5ZVnhqa2wyYU1KWlF4N0HSAYcCQVVfeXFMUGppeWE5a25zU09LeGg1MGV5Qm1BNnVJc1RaRzVJbVBLdm82WHNmWksxZGxfSUhfZWkza2tzYndaWkE3NndlMGs3NzVCWFpLSUZtSTY4MEdJMnNSTkhERWFsZUZqSGI3RGZGODQyQm1LNGdLT1lXV2ZyRUw2aWthYUlXN2NMT2NYa3ZmOU00bERIN3J5NXhZRFdkeDR0a2VyZjVQUkZJdDFkMWZ3WEZ6eHBvQkFRRGZEQVI2WUUzVXpUUXJOT1ZUYk9SY1NBMTZqSGlyQTdWVmVFZDZUeGZOUEdGWHdiWU45a28xYkpvM1JrLUNFdUNsYnR3NFY5NVp1M0NfMjg4NWM?oc=5,2026-01-14T08:00:00Z,"India-China trade: India’s exports to China rise in 2025, deficit climbs to record $116 bn - The Times of India. India-China trade: India’s exports to China rise in 2025, deficit climbs to record $116 bn &nbsp;&nbsp; The Times of India"
d0dead6c3429c43da813,"India–US reset gains momentum: Trade, tech, defence in focus after Misri–Landau talks - Fortune India",IN,US,GoogleNews RSS IN-US,https://news.google.com/rss/articles/CBMiwgFBVV95cUxNcS1QelpUWm9yZ3ozRWJKYzZONTZWc0xyR3IweTVPMko3Q0wwNUl4OFhXbVk2bWRERXdPUnpwanRveDNPb2JiVnJlWHB2OFIxa3M1VUY0dkNBRVZaNm1adF9RUlg0dXo0OUh3NmpoRkRsTEppUlE0bmduLUtRQjdBVkprSmtRdlZmZ1Fab1VuNWpna09YZ21uU2h2MWF6UFBPQmpxSERkTlVfV3lSM1VCcHVORnFuMDVCN0RYZnFyczdNd9IBzwFBVV95cUxOMHZwMTJ6STAycDJ0bGJjV24wdkVyUGxUOERTNUlRX0xLckZvZU5mWFY4ZHl1eFR4QVlFd201Z1JQS1pfc2JMbWJKblFNTHd2cEpFM2RjVzRKNEc3VWdFYzY2LUVORmZwOWVPZ0ZHaDdhbVVDTUF4eFBYdGdjQkRnUU1oWEEtQ0p4dEZPY1JyalczLVRoT09udERyTkdTckhDSG94LUt3eHN4ellOZ0xuWFl5VnlndEE0N19jQUtYdXJWYWRyeXBLMzhjV3A4cnM?oc=5,2026-04-11T08:28:47Z,"India–US reset gains momentum: Trade, tech, defence in focus after Misri–Landau talks - Fortune India. India–US reset gains momentum: Trade, tech, defence in focus after Misri–Landau talks &nbsp;&nbsp; Fortune India"
a85ecb461ae5f45d3400,Union Minister Piyush Goyal says India-US ties among most consequential economic partnerships - News On AIR,IN,US,GoogleNews RSS IN-US,https://news.google.com/rss/articles/CBMiwAFBVV95cUxNZ24xeXlXZGdvWjRaZUxENVRMMmVzNGNISUp2QXF5NFowRUxMRkZVUEpQMFM5UzNhVVlGN2w1QW9BMXdNYzB0M0lUd2locE9oZ2lQRF9OTjdqVGExaDJSa0Rhanp1NDdTOWpzNHZpRVJ0d0F0c3AxOUg4MDFCa1hlZGJkd2F3RURjdEdtYnZjTWZxaDcxczBnekM2NURBOVBUdFQ3SVNHRjE3SjAyYjN5TFZ1amN2TVlNSi05LWxaTUU?oc=5,2026-04-09T05:18:14Z,Union Minister Piyush Goyal says India-US ties among most consequential economic partnerships - News On AIR. Union Minister Piyush Goyal says India-US ties among most consequential economic partnerships &nbsp;&nbsp; News On AIR
f408a029aba5ffb46b0a,India-US trade negotiations to resume in Washington later this month - Business Standard,IN,US,GoogleNews RSS IN-US,https://news.google.com/rss/articles/CBMi0AFBVV95cUxOMW1EN2NYZ3B6NF9hVzNhMzFUTFNodlJ1SUNpM1dZSHVnQU9LblNob29RalM5Ukh1YVF3UVpBdllpQ05NTWRsVnVwMVpQampBczNndEE0RE9pNDZodVNNdDY3UlFXOGZRTlZkdkxVSDFPSzlGWGFxUUU0TVhUdkk0YnotVzVyd29FdFJsLWlWUTJ3Y3BfWnJaVExLNlRFNWFVZW5DUWNGQnZYWTdTRmNiZ0ZXZDlkLXpsR1BEeWo0TlVMa0xod3VCNFYtLTBFS0Qw0gHWAUFVX3lxTFBLLXJqRU92aWl3WVNjalpLbkc5WGpiSTFNcVNpanItci1rZHFiaFdBYjR0eVkwaUVqVzlxMTQtVGJZenhMVEQyakJHUEpjUk8tX0dmczhkdUc2QzU1UUFLNFFkVVFfTTBvM280bmNqMlhYYU1sMVhKOW43M1FOcWFDQ3JLNHZVVlU0TV90bHU2WmlpbEZPTDVqZktaeDdmdjdkeGJFX2l5UlJ3TGpMeDNiSGdjUDBrSk55Zkc5c3YzT3pOVWduSE9RSGh1ck5DTkRXR2dtVlE?oc=5,2026-04-09T13:19:00Z,India-US trade negotiations to resume in Washington later this month - Business Standard. India-US trade negotiations to resume in Washington later this month &nbsp;&nbsp; Business Standard
782d5f1f6191189c4950,India trade team to visit US as both sides await final tariff plan for deal - CNBC TV18,IN,US,GoogleNews RSS IN-US,https://news.google.com/rss/articles/CBMixAFBVV95cUxNSzRuV3c1UE9lSGdMZmdJeDN0Q0R4MnV6b1g2S1JPclJJNVdDZ0Z6WU9JMHhMRDU5TDR6TmljNGtQYVpFeWE2Sl9zOHpXa3owa0lNVnZiazliWkVMWE94cEVLQ3FNU2QycWhxbVNXWUJoUlgySTgtR2lNams1eHM3bGFxWnBlY2tWOUEwdHFRamhPM05VQjFWYUJiS192UE9wblh2b1cyTTF0QWFBR2xKdG1nVXpkZXFOamFkazlHOEhZWDdN0gHKAUFVX3lxTE9vYVAyRTBwZlQxMk9EV0RuM2pxTXJic1NkaUF2NjdNWGtjMTBCUndVbzhKcG5BM25EOFI5Z2dhS3JLbGhHWHJIM3BTNWRCZHNvZklhWV9jaVNOcHBUVkJHUHdpYUc3WmpfSXlJelNxb0NJM3N4WDBhQWxMSjFsc1czSEZsOXdhVE1sX21kUDFobGhwS1BwRHltdnJSN0NaMkdFci1wOHpWYUxkd1NRX0w3MFFrc29nTF9fTldoV2VRb3BKMDFnT05yWHc?oc=5,2026-04-09T14:27:19Z,India trade team to visit US as both sides await final tariff plan for deal - CNBC TV18. India trade team to visit US as both sides await final tariff plan for deal &nbsp;&nbsp; CNBC TV18
d357300d13c18cccd3f2,"Delegation to visit Washington as India, US look to revive trade deal talks - BusinessLine",IN,US,GoogleNews RSS IN-US,https://news.google.com/rss/articles/CBMi1gFBVV95cUxPSE1YZ2k1c0JBRGRLWE94bVF4cjM2THpBVkNzY0gyak5aaTVfVF9weU5hekVjOW9UdlctWVJlOHV0QjlWR0RzZFpGbzAybnh5ekhWMU1FZnFKZ1d2MlVCZkxwd0RaMXRoR1dSZkM4OXNTQ29aZUNDSGo4UTNTdFVvUVJvZkRaOVF6bFEwYVAzcXhyeEhrYjJac3BLSTRtTS1jbkRJakpLb2ctTWE2U1ZwVjdyaWFTaUY3YjIwdXlRLVcxMDFESUN0clFEWUlrSHFYR2pRd2pn0gHcAUFVX3lxTE9nSDBvcGhoY29qX1h2NTctNHoyWnMwajdUQzBBMTF0WWoxbV94X09fc05VbVVwRmFkNUd2TEZTX21XMjJPUW4xUzRJV1ktbDNTcU9LRE9wWWllTllnSzhrZHFoZVlhU0V1WmN0cEZRd3FaZEtZelpVSC1sQWotc3k5alFrMVJwRk9hOThyR283MFlMSkxBR1NkeWpqRTdIVHJWbFZzaEU0R2lRYjVEZ3pCOVRWUTRwTHVXeUR4U0N3RlAtWENCR0xSOGJjU0xUWDhJM3hSVmxqbEFaVlA?oc=5,2026-04-09T14:31:50Z,"Delegation to visit Washington as India, US look to revive trade deal talks - BusinessLine. Delegation to visit Washington as India, US look to revive trade deal talks &nbsp;&nbsp; BusinessLine"
2f4c11980feab4af6c3d,US Trade Deal: Indian Delegation To Head To Washington This Month - NDTV Profit,IN,US,GoogleNews RSS IN-US,https://news.google.com/rss/articles/CBMirAFBVV95cUxNVlEyT0ZnaUJUd284UUlCQS1tSWdUcXNGVDlNOGNhUm45c0JHek5fZ0xRTjhla3UxRVY0TWJxMnUteFZfR2lBX1YzN1JIVE5oN09NX1pDWDVQeEJVdGZNTWwxaDRwSnZNcERMaExvdTdzQkk4WkRUeVpERG1HU2Q3eXFvX2F2elRfRGlvMDI1TTFsZ1ZhQlRSN2hONU8tNXNfcE9WWjJ5LTF6Nmg30gG0AUFVX3lxTFBSQ0ZRSmJURHRVYkR1alpTY1BPX210ZWFFYTRxZVZNTGtocWVPdUtCQm9sT3ZCd0hlZU9XS190cWlFREhUMld6c1VnSHA4bzVWTnRidDY4Nm83RXQ3ajR0NTY2MHNmWi14VXZBVjR1TGE4Qk8xZDh0THhoMnVwNG9BSC0yYzhIY0JyMEtudk1JTVZQN0dDcXB0RDg2eGRPTVRxd1dSVFd5WUxmUzVVQ2lnOXJwSQ?oc=5,2026-04-09T11:55:16Z,US Trade Deal: Indian Delegation To Head To Washington This Month - NDTV Profit. US Trade Deal: Indian Delegation To Head To Washington This Month &nbsp;&nbsp; NDTV Profit
a7f86be7b696d452a567,Piyush Goyal urges exporters to tap India-US portal to boost trade - The Economic Times,IN,US,GoogleNews RSS IN-US,https://news.google.com/rss/articles/CBMi4AFBVV95cUxQUUlObHU3aERxaVp0OHN0Wk13VkNVQm9FemhGTTdLcHJzSUZTdDdhNmZLaDlMSVNIay0xMVlzeFNvRzBrTXFqeVRiaGdMLU52UFJyR1ZCWEw0eFFLRl9uZ0FJYjJIUi1vUHA4TEJadDQyNTM1NS13MmdZSS0xcVR5SmZVemtvYU82c3hCQXIyMlo0N240SGtuaW5JNGI4clJ3Tml2VUZTSU53ZjU2NmlsQV9iUDV5U3pvSG9tSVNNN3dxSHFkbjhZb3JtRkpFM0xEUTBkVXhTN3NFTjlPbkx0TdIB5gFBVV95cUxOUmduUmtJTThSTUZ1NFY5a2s3R3ByQUhURUJ6cHF4SEhJOGNvaTBkTWFmQlplckNtdUR3QUFhSVBvMDZxa3N1RWt5NGtSYUZmcFFvRUpIWk5nci1MRk5VSl91N19GZzdXZURjdXJJWHdXQVBQZkhQY0d2VUIwUGlkTWhHbnpNYTRsbnBEN0dpb0R2NWFseEhwSWFwMllHQTlObTk5WFBnTUNkNnJzUGNrOHc0cEJaNUdfMlJ1eVFNQVA4V2h0czJ0cDkwcVJLOGxTNl9KSVo5WmtUX0NMcXlPUjZYaEFMUQ?oc=5,2026-04-08T19:43:26Z,Piyush Goyal urges exporters to tap India-US portal to boost trade - The Economic Times. Piyush Goyal urges exporters to tap India-US portal to boost trade &nbsp;&nbsp; The Economic Times
fda93b57bc8478dc12df,"India-US Trade Deal Talks Advance as Delegation Set to Visit Washington, Says Sergio Gor - Pragativadi",IN,US,GoogleNews RSS IN-US,https://news.google.com/rss/articles/CBMisgFBVV95cUxNYXFNZjFsSTA4b1hRTjdhbUNJU0NkVXNucm5xQjNjY2dTOVZqMlZabXFpckpvcjNPTlB3LXRfUHZGZ0Z1TVV6LVRkN21WbHZOdTFxOUluUWNwaGJUT1kyeEs4VEZwclNmOE51aU1UYmlBV29pZ1hhM1p2OF9vVUVHR0hfRDVQNjNQbVF1Zm9zRldpYVUxUlBCWktLbnVybG1oanl2NV85N1Nxa0VabXM5SWx3?oc=5,2026-04-09T12:41:48Z,"India-US Trade Deal Talks Advance as Delegation Set to Visit Washington, Says Sergio Gor - Pragativadi. India-US Trade Deal Talks Advance as Delegation Set to Visit Washington, Says Sergio Gor &nbsp;&nbsp; Pragativadi"
67b55df23155056842e2,US-India Trade Talks Set to Strengthen Economic Ties - Devdiscourse,IN,US,GoogleNews RSS IN-US,https://news.google.com/rss/articles/CBMiqgFBVV95cUxPME1pVzNFVzVrYzlISDlaTzNOelc0SW44UTNTRlJmNFlfQjI0VVFIYWhDWkUtdkdjS1JXd0pndGJBc2FqQWFwakZpekZORnhDTVVwMWF2Sk9hYzZXYzY3MzlLSVdQMS1ZLVJQTFpGNUkxTDFfU2Mxb2ZxSk5XN2lHQjFtcDRmcWRHdVVkMjFvMUtiY0RYR0xLVDktVW96VlZGZmdmdENibGVyQdIBrwFBVV95cUxPUHBlYmQwZ3ctMWU2RFNuMEhCaU9nMFN6RlNLNDNLaHhCLVhFSlNka1VFbm0wTmwyaFVZWm1UaTZTLUY3M1BFaVhsYzVrYWpLM2wzYmVwMS1Nd0hqZWlhbkRDbTNrQU5FYnFMTU5XMktBZ2tFYU9qYjVLS2MyY3gtb0NBdG5RUHZtcXcwblFtTVI3ZUFpTGlFa2FGcTBBTm9wVnZSWTdzM2U3QnBDTVlZ?oc=5,2026-04-09T14:30:24Z,US-India Trade Talks Set to Strengthen Economic Ties - Devdiscourse. US-India Trade Talks Set to Strengthen Economic Ties &nbsp;&nbsp; Devdiscourse
2542a0b1de8fcc6b4239,"India-US trade deal back in focus, delegation from New Delhi to visit Washington this month - The Financial Express",IN,US,GoogleNews RSS IN-US,https://news.google.com/rss/articles/CBMi3wFBVV95cUxNc1N3MnIxcG5iRHlaWVJTeFZReEk1cWJFRVpPWVkyS0NkSDBrUTJHb3MxdHpUdGlEV2UyU0F4Z2hEOWlaM0xpcl9iN0lOOGttZ2Q3TDhGTVAwOURNRlBQQU1RU3hBZzRPb1V4T1Y0TW12RFhvTV8yVjBmcTNVdkNLekl1SnB3M2RWTk5fWEhjUFZkSFdNU2haNjN1UnltV1pDWTNUb2NyMk42ckR2Z00yVXo4dGVqQm9sbHZaTmlFdU9qazdra0hoUko4YnFZVFpMSjlFSGdWa3pYbTdaWU1r0gHmAUFVX3lxTFB1R1VIdmNxLU14NVMweUhfSVVwRTFEU2o2YjJiVjFxTFlncmVFdHIzV0lJZXJVWDhpckR5eE5Xa0NNMFJtLWFCZmNvYlVvZDQyc2RfbGw0OWpVMy1hSzlDVUY4c3JUc2dnb1JwYkVyTzRKMlQwUTd1dTdXSVpGYWJGTFpMVlZDR2FMT0RLVzZuUHdWVldjakNtMXlzY0NOQXk1Wm55dGdtMlZIZ2c4TEthdExVSEs1T2FsRi1QQWFJbG03b3Zya1NyTDRWc1R3cEJlMHh0UTZ6TlkzVU8xZkhocmtfSWVB?oc=5,2026-04-09T11:39:16Z,"India-US trade deal back in focus, delegation from New Delhi to visit Washington this month - The Financial Express. India-US trade deal back in focus, delegation from New Delhi to visit Washington this month &nbsp;&nbsp; The Financial Express"
5c637b2bbdcbcce40ed4,India’s stance on U.S. trade deal is that we should get preferential access as was agreed: Piyush Goyal - The Hindu,IN,US,GoogleNews RSS IN-US,https://news.google.com/rss/articles/CBMi8wFBVV95cUxNam5zSDFfOFJrQ1cxaE5IYmJNd3Y4S2xabkliNTlKc1dfWlA0VWdsRWNvVUpxQXVubFFjSGtndlRmbFotZ2VkZVJfUnZyLUo0eXhiRzR5aFcxd3NlRmtWUjRaYVJEaFoxUS1ZeDA0NWUwU2RTUHJjNk5RR2ttOTY4T0hnUmRlY3Zrbm9MWXFQa0VuM3JKVjB4SEhNUVNFcXcybnBBSkZmTjk0QkhqRVNOWTdxeTBBVkdkLUdmOWFlSmdNdXhGSUZqeVVmUUhISDE0UG5STGxJWVg2YVg0VEdjUEJyZ3ZkbDNTc1hpWkU4WUx2SmvSAfoBQVVfeXFMTTNZaGlmcldWd2NiOGk0T0hnQjJFUmgxWE43cDI0SVMtWmpiTkJ3cFFLSG9pREtVc3NmYWZVMnhTQmxJUzdzSHFtTUIwNHpNTEs3TUI3WmdkeU1lcVNxU1A0dEFGUEV4QmI1aG9UdDNwY0J3SW9WTFdqclFoSmlXc0hIQ2ZHSzF1cXZoSnBJcmo2S2p5dmpEUXpZRm5LSFlFWWQ1WVZlV0x2R2hVSXZ3MExWV0dBaFNCejRtZ2hqczlBX3pSZFFIZFY2MjhDaFA3eUlUamNlcUlHQ0w2QlRIYWtjX0p2eEt0MGRmenJ6SmUzckdfQUZ3b0Vmdw?oc=5,2026-04-02T07:00:00Z,India’s stance on U.S. trade deal is that we should get preferential access as was agreed: Piyush Goyal - The Hindu. India’s stance on U.S. trade deal is that we should get preferential access as was agreed: Piyush Goyal &nbsp;&nbsp; The Hindu
8f2ea3f983daf0bb2ddd,India and a Changing Global Order: Foreign Policy in the Trump 2.0 Era - Carnegie Endowment for International Peace,IN,US,GoogleNews RSS IN-US,https://news.google.com/rss/articles/CBMitwFBVV95cUxQTjJONzVWVFB2X252UHc4VnpvQV9GLTQtdUx6N250NHRvbC1XcXdsLVJoUVBTdmkwWWJmaEhFVXF0V0NJZHBKUUFnR2M0VzhGZEhMUnZvY01JeG5aQ25TeENjYzZ6dGI3a0dlVjZRZUc3Sl9Wa3Nvb2lyLUhjLU96WUNaN3ktTkFGQzFqVkExTkNQVWtPQzdibEFESlFJOXp2WWhZbzh2clVNa2dpUXRLTnVJOWpLRDg?oc=5,2026-03-25T07:00:00Z,India and a Changing Global Order: Foreign Policy in the Trump 2.0 Era - Carnegie Endowment for International Peace. India and a Changing Global Order: Foreign Policy in the Trump 2.0 Era &nbsp;&nbsp; Carnegie Endowment for International Peace
21a1e9b661fcb4cb02b9,The India-US Interim Trade Deal and New Tariffs - The Diplomat – Asia-Pacific Current Affairs Magazine,IN,US,GoogleNews RSS IN-US,https://news.google.com/rss/articles/CBMihwFBVV95cUxOa0V5N3Fpd2Q4SGJJVzdVcGF6a1dISjRrVTRkU0FPOFBHTWVXQ0lmYnJTZzc4RU92c1ZwZkRlUlRZQjQ5R09KWUNKMXA2cTJCcHotZEtpVjRKUHZydDV1eWM2bzlrSmxNSVRlTjBzWlJvY1dDbUtjbE9tbDd3dlhxMVdSS1dWYkU?oc=5,2026-03-18T07:00:00Z,The India-US Interim Trade Deal and New Tariffs - The Diplomat – Asia-Pacific Current Affairs Magazine. The India-US Interim Trade Deal and New Tariffs &nbsp;&nbsp; The Diplomat – Asia-Pacific Current Affairs Magazine
6a51dbe9e1a11ea5a8d0,US to host Indian delegation in April to discuss trade deal: Sergio Gor - Business Standard,IN,US,GoogleNews RSS IN-US,https://news.google.com/rss/articles/CBMi0wFBVV95cUxNNDQ1YTNjdHlzYjRNRnB0c1ZRaWxKaExwUGo5TjQ1SHk0cDF2alB4QlQyZFVzYTYxNGZ1d2FFYU1hbTk1TU1oYmF4OWppUE5Nc0kwd0xCLU5zR3Rpci1OLVRjR1pBNXI0OGR4RkF1VUJLTE1yMWFVM0F1NUR5NGdoeGhKVFczM0RzU2VKRXVxNS1JRDA0aGh0VzZrb0FKTFlkX3lIZ3RxT0Q0QnR1LUZsVGRQd1hsR2V1ZGIwZjZPUHFCam1sYUM4SC1OUkZORFYwSjJB0gHYAUFVX3lxTFBlWC1GcnFsUTE1ZGVfM005aThIeFU2X1FjNkZxYWV4RmFiNEd2cEw3WUhpUFZTaFk5elVjSU9qYUE5N3djOEhrdFF6ZndveU1iRGxhOG8tOFN4X1UwRFdrdnUxc1JEN1RlNXpQcUt5SDNxV1ZwSnQ3anFveXp1Zm9MN2h1M3pFTkxvZUlvZGJKdThabDI5NUwyUmRiVWdTLXdablVnbTVOMmQwODY1dzFaMG4yd2c5cFRZVzlZSHpBVTU5NC1OdU1hR21MUTlySnVnOTFrYkxQQg?oc=5,2026-04-09T15:58:52Z,US to host Indian delegation in April to discuss trade deal: Sergio Gor - Business Standard. US to host Indian delegation in April to discuss trade deal: Sergio Gor &nbsp;&nbsp; Business Standard
caed224c236bc8de1a7f,Foreign Secretary Vikram Misri launches India-US trade Facilitation Portal - The Economic Times,IN,US,GoogleNews RSS IN-US,https://news.google.com/rss/articles/CBMi6wFBVV95cUxPY3hteldmaDBTZDYwVGJMRUNGNnNQcndHLWZVekUzZjI5SV8yaFRzck1HMEpXWFhOQ2ZMMWhiMmFiNThiOVVPNTdfakhmMWlVLVpFMzUzLURpOEhwamFyYzh3aUFqWUpsMS1Ld1ZnYmhYSDM1dkNObFhiaFh6QzBRRDRsVWhZZUtmTmtKM1dEd1AxSHJ1anFRQnloR3h1LUZ5S25PYkZ2TmJnTGEzWG5wYkcxMVZVbFhRQ0pnWWpQaXc0MEdCNUNBOFl4bWpERWZvcHR1RDdDZk1GWmt5V1NCdW1mX2k4c3B0SmpV0gHwAUFVX3lxTE90OElQMm1jd0pvOEdSZnJZbHV0aUh3ejFmWFZPUGszZlJIaWMxa0t0Sy0yVHB4RnNGMjFXTWhwbVhqc01xc3ZKajJtWkFWblRlOENGUjlVZWlZbV9zNjNMMzNIQmlIWUN1OHpBU0VFR3BEa053bTR0VDFsNnZMcGsxY1NLQkJhcnBFWWJZa204MUt4dGtVZDdZUjA3NlNrM21taWw2ektPbE5LM3VSYlVMWGlXRzg0aUZCQzlPbDhTZkZvRzlRQkZ5Z3VBRHp4QzhiRVFOVHkzcVJnSFFFR1VZOXFsU1A0UllXR2N4RkJIMw?oc=5,2026-04-08T17:38:42Z,Foreign Secretary Vikram Misri launches India-US trade Facilitation Portal - The Economic Times. Foreign Secretary Vikram Misri launches India-US trade Facilitation Portal &nbsp;&nbsp; The Economic Times
ff84d9ca4b93cb6ecbe0,Why is the U.S. investigating India? | Explained - The Hindu,IN,US,GoogleNews RSS IN-US,https://news.google.com/rss/articles/CBMiqAFBVV95cUxPeEd0MldJU0E3T2pDaUdoMzFzcDJzbXJjNnhSYjZZMmJzS1ZJZkVPNzA5aU45aW1HemMySV9GcjVUZ2puSk45ZHMxaHRVLWhsRURwUkJCSVZJZmV5NUtZZEVWOFc4YndEOEJFMFRCc2dFbU5XdGo1YzczMTJPX0VwWHpaQWwzX1dxdGxqc2NjVklfWWZGSFN5RzJwak5nMGJqZXZXMDBCbi3SAa8BQVVfeXFMTkxycllUTmF0T1pkVmFuVXNKR0NJdVpxOGFrZlpKY0F4aDFSdHhVS0E0S0ZpSGNrM1VETXR0UkJTNzVJNVRDTmh5ZHZKWi1hNzR5NWdNS3VwNmZKbGRSbkFsLUhLMl9FLVBsNWxsMS04REdyVHJreDFjTl9UNldlQ1l4bmxlSjcwU19RVFRjZHJhTHhKbU9tZUVEWm9MWHQ5VFlUSjRHcjlqVzFPY19KZw?oc=5,2026-03-15T07:00:00Z,Why is the U.S. investigating India? | Explained - The Hindu. Why is the U.S. investigating India? | Explained &nbsp;&nbsp; The Hindu
ebd2460eeed3d4fe9370,"US, India agree to further cooperation under Pax Silica - The Economic Times",IN,US,GoogleNews RSS IN-US,https://news.google.com/rss/articles/CBMi0AFBVV95cUxNMFF3NDNFWnQ5ZW85SjhHTFVvSTU2N010WWZnSWUxZnZ4eUVqSkpEbmNTbFRMenl3dFRuMXQ1WGRacjd0b1NvUTFaOWN5dl9wQWRUaXAyLUlhRUV3YktrZlNadjhyN3hLcEkyOXdEZTJkYmJkSmZsWWVaSXFrNW5sZUxOMjZFWmgzY2VMVTFjS1ZRMng2dGRzRERLQ3p0QXhZeGtmcHd2Q0hmR2xvcHRLLVB5YkVIc1RkeHlRbGFlS3NMd0F5MkUtbXlnQS0wOHM30gHWAUFVX3lxTE9tZjZxa3hDZjJ5M1ZwTkUwYkdMaG1YTGVValpJS0hyV00zbXppTHdqTGdfWWF2eG1zd05XLXRvMktsUzV6UzQ4N3I0MlQ1OFE2a2pzTUstWGZsaXBGWHVOd19SOV9vOFY1NDRNakRTbjFPa2U0cHlKZDA5UXE1aWQyaGhrZFBodk50SFdMN09pN18yMW9SZlg1OHpnYlN4X3JBMjV2dEVFUzFHSmR6RGtlVjNLdXhjcGNrRklQTmdocTMxbHEzSHJVWlRfSmtFeU5LaW1pNGc?oc=5,2026-04-10T01:24:16Z,"US, India agree to further cooperation under Pax Silica - The Economic Times. US, India agree to further cooperation under Pax Silica &nbsp;&nbsp; The Economic Times"
2d3e0a53a43987b2ff80,"Vikram Misri, Marco Rubio discuss trade, Quad; US diplomat set to visit India in May - The Economic Times",IN,US,GoogleNews RSS IN-US,https://news.google.com/rss/articles/CBMi9AFBVV95cUxPdTFLTGZETnJ5Y2ZpS0ZlRE1JUE9jZjMta19Ial95Zll2YW5KSS1mcHV0S1ZGdG5DdTVTcVB4TVVYMUt3M25kWWJ6OGs2MGdDTGVuU1ZIOWdWUThBdkRudlVuNjhCdlRJbm5IbWlWblFZSEtVTTlSd0pyT2lpSC1nU3Bmcm9ZRkZRNkM0aVBTLUEwVFdJSU5qUmdpdDdCbXhnOUotd2otX3U4bkxqSjB2dTByTUpnZ0dEUWIzZmxvbFNTOWlkX2hlS0FaeFQ1eVUwT09TdnV6cjk5MEtLc05vZjl5TWNfYzJrRjEyQkpGTWkxQTkw0gH6AUFVX3lxTE8wWVkwMDJRSncwM3V3SmtMU0FFcDVnY05YcHFSaDJwY0FTWHRFSmprbkZqZDByZ3JoWVdqSmVvR3BwaWhIVGJvSjdpMzRfdmUxbDBkc1ZEUXlPakw0d2hUTGNoOVNZcC1yMXprWVVjVjlQbXJwaXdkSFoyazZHRHVvMWpKOWxQYzBMWkdaQTV3b0ZlbzZvd1FpWDJzckoyLXctOEpETUVGaGZhTE1FWkhfa3N6LWR4LWpnZnd4b2phT1ZKbTBqa0xpSEVOTm9SWm9EVXhuaE1XYXNRNDYtaHVJLWNkYm93T2Y1bGRqbzBCYzBicjlNNHd3bHc?oc=5,2026-04-10T02:01:43Z,"Vikram Misri, Marco Rubio discuss trade, Quad; US diplomat set to visit India in May - The Economic Times. Vikram Misri, Marco Rubio discuss trade, Quad; US diplomat set to visit India in May &nbsp;&nbsp; The Economic Times"
3672296871496deec8cf,"India, US review next steps in trade pact talks - The Economic Times",IN,US,GoogleNews RSS IN-US,https://news.google.com/rss/articles/CBMixgFBVV95cUxQdGZXamRIY2U4WWEydmp2Q014RnBPMEI5QVQxRFVYTzZ4MldwYjA3dVRaSnZSakpPRHltR3ozSTkxTFctU1A1ZEk4TWtCbUpFZHdweUptWktJaGQxc2E3UXNmZTZCRWNOb1lMU0Q4R083VkEyUE02dEFNb2YzaFdKLUt1UzZ4RkVHaUVGb0o2d3JMdkFNLTlySkNyTVIzTmV6bHpaUzdCY2V1SDctTzlSdC1nbUx0bVhCVzRuRU45eXN5N2lKLUHSAcsBQVVfeXFMUGU0ZEMxaU5fRF8wTEx4SkFKZEdYcHkzcnFQMXNsNHZpWTM2V0NsTlF3dnBSakcyTXJSWVpmc29iWDVxMXpFeFM5VFNVczJ3NW9YRldSek5QVk5KSWlhazQ2TW1JTG9tLXJ2QURORVowNTdaZ2w0MkZoRWhKSWpnZUtDVk9oRmZBcW50V3RPYmxUbVhsUkhPNndtUUtWQVNKMWJ4VWlZd0xSLTlWZUlDOFdsajNUM0hPZjk5cnBFNHZXbkowTzAwRXMteTg?oc=5,2026-03-28T07:00:00Z,"India, US review next steps in trade pact talks - The Economic Times. India, US review next steps in trade pact talks &nbsp;&nbsp; The Economic Times"
998e565ca4a10b59a95f,India-US trade agreement designed to protect domestic sensitivities: Govt tells LS - The Economic Times,IN,US,GoogleNews RSS IN-US,https://news.google.com/rss/articles/CBMi_AFBVV95cUxOSTVnckJuNkI1UklYTWtNdFNOeEJHNXJBUEZuc1c4NGhHbEpMVDhvQXZ0OUJUNS1pWktRTnkxdHh6b0JtRktZMXh2Q2NicndGWjRNaGVnZVhZQVUxOTBpMkp4SXkxZXF3V3FJYmN6WjhXei1TTzE5dVB0aERKbnhRSkNBWTlMZ2xiTTU3eU5PUFlkUmVXcTBfU0lzaEd0d3I4c0pxTG1vcGhPbFVyZDVaN1EwZDRtYUJTb2xPS2lGZGRGc2ZnN0hTVUF3TXBwYU8xdjNBRkFLd2pGRFU2TUJUeWlrWWNnNW1hUnV1dVdNR01tZGdpM1hHeDJjVXrSAYICQVVfeXFMTWtWd3VDbHpyWXVFcC1YOXlUNkZDQkZ6S1NhcVh3QVIzbEV1cU9KRThFUDBrbm9yWnBJSi1LRldaTjlxSXZzc1FQcjZGV21Gc1RPMkpYWW5rcHJibXN5QVd2VlpZaDYyNVlhdGt5ZVdmcEtXSTRQenFQMndHZEdzRDZETEFLZ1k3RWtnZ2l5S3JuQzRLSU40Y2I2SmhCUTlYZ01sd2xrNVJGdW5KR2JOTlpzd0EwaG1qeU1fY3E3XzZuVG14YktlZGRyMnIzRjRJdGNRMTJsWkI5OUJLZG9zeHk3QzdzUjdOaV9HcmJuQm40dWVFMGEwbVNicW80UFhiLUlR?oc=5,2026-03-28T07:00:00Z,India-US trade agreement designed to protect domestic sensitivities: Govt tells LS - The Economic Times. India-US trade agreement designed to protect domestic sensitivities: Govt tells LS &nbsp;&nbsp; The Economic Times
9c055eb3da072e9520e4,India-US trade deal to be signed after new US tariff framework is finalised - The Economic Times,IN,US,GoogleNews RSS IN-US,https://news.google.com/rss/articles/CBMi7AFBVV95cUxPT2FHSjAzMTJSLUZfZlFKWUJkR3dlWGQ0MzRQUmxCVXMxUHJjOTVLLVJyY2hUUjd5UkV0eWs4Wjg4TWJNVkZyNjBWVkk2N1J3TGI1VWloTTFaUWZpZ1Q4VzVoNDNIdVIxV3RtSjQ4aXd2T1A4MVNSWjY3b0l0ZjJOeHJaN0ZRQXlDZ0pmbTlQVVkzaUlDSDczcUNPaTBXN3ZCRE1qSFl1R1RqZk5EU0FMZHlqclpqVF96aTZtS3UxeXRndzlWZFB6WWU0TEg4cHJNNlc3S2FGNEw0enhMT1doQ3ZfOEUyT3BGa25FQtIB8gFBVV95cUxPT28tdGhCSXpPc3pjbnJ0VDFIalU3ek10UTB1T0hFUm9veEo1aVgxNGdfcDdfWXdjUmpSRHZrNk05OVdUdDlKaTJzRU5ZeVVrRXRxU2ZDeGVKMUZ3OGkya1ZtWjVhNmx2ZUpmRU5sbTh3SHFkLUV6Q1NtTEFGeEVxSUhzQS13LXRfVGZJemlZWnpaY3BwN0h1TkVNZGZuYk1uMmxiRVpXZDBnX3I1eXV6Q1dKdkxIX0dlOGVkdTEtMFI4SG5hajNrU1RrUGlBWHhRTktIRHo2eTF4eVl3NjhTTDF3aUdrNmpfQ3RBREpXT3hNZw?oc=5,2026-03-17T07:00:00Z,India-US trade deal to be signed after new US tariff framework is finalised - The Economic Times. India-US trade deal to be signed after new US tariff framework is finalised &nbsp;&nbsp; The Economic Times
9d6c6a2444172086188f,The Political Economy of the India-US Trade Deal - Countercurrents,IN,US,GoogleNews RSS IN-US,https://news.google.com/rss/articles/CBMijgFBVV95cUxQYXlneHFCb3c4SlJxaFJmamotMFJqZWtUUVVNXzJvSmZQLTBuVDNxVGxZZzZaM0tPS3lDdlZ5YUNlYlZCTGo5V2dLcllZU1JSTDlFYjR2bmMxUHUyZXpBa3FQdjVzeVlZVkpZTW10MVZhWk8zaVZFUjA1eHhTNzl3TzBYc2JwNGI3LUpYRmZR?oc=5,2026-02-15T08:00:00Z,The Political Economy of the India-US Trade Deal - Countercurrents. The Political Economy of the India-US Trade Deal &nbsp;&nbsp; Countercurrents
46cd57591341e01b9bec,India and the US: Delivering on Trade Convergence - orfonline.org,IN,US,GoogleNews RSS IN-US,https://news.google.com/rss/articles/CBMiiwFBVV95cUxPdkdoYVhVZkpSRFhwWXJpblA0akw5VENEZ21iYWFVX0tuWU96TWRZcEJ5alFkMkRRc1o4bjdWdHNmUVNpLVNEdmlqMHJ6b1VhYlVzd3hiRG9RclFNX1RLTHpBWW4tS0UyTzZYcFgtUTI5c0pZamZyRFA2djQ1aGZWd0VLcXdEYmxCanFv?oc=5,2026-02-09T08:00:00Z,India and the US: Delivering on Trade Convergence - orfonline.org. India and the US: Delivering on Trade Convergence &nbsp;&nbsp; orfonline.org
f8bae0a688720d4ed574,"India-US trade deal to be signed when Trump re-establishes tariff rates, Trade Secy says - The Economic Times",IN,US,GoogleNews RSS IN-US,https://news.google.com/rss/articles/CBMi_AFBVV95cUxNVEN4dTZLZ1B1aHdlcWNuUHZSZzFxQjlGRXhXUmprLUV1OFRQV0tkWHZPdUotN0J6SWtCalJpcEY4cWt2clJfSHpKaDlpMmFHbnpwcWFJLWtqeENPdnp4R2VvN3FraG9ma3R2LUJYbEloVEl0RnVEVjYyaHJ5bGFicU1ja3VfMUE3dnVnV2tFNGlOU0VFb3NCMmxYY1dZQ3RBS1lyRjNhSksyTXVyME42RmVEcmtsMkpBLXZoT2VtNFlkRS1wZlNWbHhqRmxKOHF3YTlnSjRrakpTVVAtcGpoVWw4Q0R4cElQQW51YU1JYlVFUGxvcEpxNlBJX0rSAYICQVVfeXFMT3Jsb3k1MGtHeE5EaV9iMktlX0ctZ0RzNVYyV0lpSlR4OUhMVVJXY3A0d2puSTBkOHBZNTA1OVBUXzVYQk1yVUsxRDFCbm9valMyUVh3WVZMU0Eybms1b2pzRmIyaTZMM2pjb2xyNzMyMUI3TkxMeEVwYVVuTkZRRkx6aThBelpfMTV0anZEOFhGXzhLWWwwWE0yaVh5TmNXYjh3VWlxaHVYcmMxMm9YS3FRcVlMOUtwejVUcG1uR1VrZnc1V1ZTSnVkRnBoS1BuVC1LV1lNUzV6aWFuMXB6dm9pM083TXpMcHRMYUlzcENRY05xbzI2RUd4cU9LWTM1N2Jn?oc=5,2026-03-16T07:00:00Z,"India-US trade deal to be signed when Trump re-establishes tariff rates, Trade Secy says - The Economic Times. India-US trade deal to be signed when Trump re-establishes tariff rates, Trade Secy says &nbsp;&nbsp; The Economic Times"
e687ca7d76946dc14c87,"Trade Deal Tilts West: Biswajit Dhar on Tariffs, Imports, and India’s Shrinking Policy Space - Frontline Magazine",IN,US,GoogleNews RSS IN-US,https://news.google.com/rss/articles/CBMiuAFBVV95cUxPZWduZzRaSVJRd2pnOUdkNGhBMEJzbkxvTGctZWFiNDBTdThhd1hCR2kyb1hjYzF3UDdJWC12UWhaYkxUNnJZcTJoR2JCT1JMT3dqWHFXOXhPY1VYekRyM29hMnk5LVoyZmFZLWJMckJtNWZ0RHpYRXNidGM0VjRScU16OVF2MFJ5NmNEbWNrLXlsVVIzZjRQSGwtWU1FNjhEZDBla0xzVFBBRVQyNHBYWFM1NEhob0cw0gG_AUFVX3lxTE1iSVhQQkRMblIzTkpSUk94ZktlTWpDbXNHRkZlWjkwbU9PeW5SNUpiNll5SWk1TkNsbzk1Z1RzZXBLdFpZU1ZTYUNaYTZXWWI2SVJPX19vRWV3TzhaSW9OMGg4bzNPUHotZnRhdnNVMXdkSnpJUTJfTWNRcjR2TUVNaXRpaXNsYjE5T3huSmtmNzJYQUhKanZaak9hcmtiUG0zMmdDSGZCZEs2RzNZZnFzVUExRkZja0ZKT2dvV0Nn?oc=5,2026-02-23T08:00:00Z,"Trade Deal Tilts West: Biswajit Dhar on Tariffs, Imports, and India’s Shrinking Policy Space - Frontline Magazine. Trade Deal Tilts West: Biswajit Dhar on Tariffs, Imports, and India’s Shrinking Policy Space &nbsp;&nbsp; Frontline Magazine"
52de08498fa50fd2be5c,"‘Definitely a Sham’: As Tariffs Climb, Trade Fraud and Accounting Tricks Proliferate - The New York Times",CN,US,GoogleNews RSS CN-US,https://news.google.com/rss/articles/CBMihAFBVV95cUxQR0Rma2lmZDAtNXl6b0trbEhhZUFldkk5VDFLemRHZWpxVllqUWRwZEdTakM3R0pfWmo1NDJmT3JZM0Q3a2t2LVpVd1Q1cFRvMk5qbWN2ODg2X003R1dvdm00ZWJIR1BhdDUzdzVBU0NzcEhsNWZrZWRJVlNjQnE3RE1iVHk?oc=5,2026-04-09T05:24:30Z,"‘Definitely a Sham’: As Tariffs Climb, Trade Fraud and Accounting Tricks Proliferate - The New York Times. ‘Definitely a Sham’: As Tariffs Climb, Trade Fraud and Accounting Tricks Proliferate &nbsp;&nbsp; The New York Times"
a37642d52ab7737a6029,US-China Tariff Rates - What Are They Now? - China Briefing,CN,US,GoogleNews RSS CN-US,https://news.google.com/rss/articles/CBMicEFVX3lxTFA3STlnT1E2aUIyX2JpeEFudzFKY290X0lPMU9lUDBwMTRXQ18yOVk0d1pYckszbGJ3MDVkakVBNHFFdW94N25jcUM3SHZRNnJBbHdkUWF4Q3BMQWFOb2s3dVpFaEgwSzd4MzhTYnlWRmI?oc=5,2026-03-27T07:00:00Z,US-China Tariff Rates - What Are They Now? - China Briefing. US-China Tariff Rates - What Are They Now? &nbsp;&nbsp; China Briefing
e311d993c932035cf9cd,Coercive U.S. trade policy and Brazil’s strategic pivot - GIS Reports,CN,US,GoogleNews RSS CN-US,https://news.google.com/rss/articles/CBMiX0FVX3lxTFB6d3gwUlg5aGRkZmRJRDJlNlJEcFh2NVNJU2ZrUjdldGNNRFdsUDFxZUkzUGF3Y1JCdDA4a0duOTJ3YkphTktvZkh1bjk2VTVOa3lfWlZkRlA3YlRSM1pn?oc=5,2026-04-09T06:00:00Z,Coercive U.S. trade policy and Brazil’s strategic pivot - GIS Reports. Coercive U.S. trade policy and Brazil’s strategic pivot &nbsp;&nbsp; GIS Reports
2c3f643b49707a8cbf4c,Trump Tariffs After Supreme Court Ruling: What’s Still in Effect and Who Could Get Tariff Refunds - Kiplinger,CN,US,GoogleNews RSS CN-US,https://news.google.com/rss/articles/CBMidEFVX3lxTE11MlRIRy14NjZqQW11Rk5STTAtZTdOQVc3YUpvdVA0RlNWRHVXOE1UMzMzcXNnVzYxYjhWZmF3bUVGV2FaYjZrUURTX2lFSU9ydktGTHpLdy1VeEtoeGhBOVhMN1pOaHJrVm1kUGszalNoT3Vn?oc=5,2026-04-08T16:57:44Z,Trump Tariffs After Supreme Court Ruling: What’s Still in Effect and Who Could Get Tariff Refunds - Kiplinger. Trump Tariffs After Supreme Court Ruling: What’s Still in Effect and Who Could Get Tariff Refunds &nbsp;&nbsp; Kiplinger
ebef41d9329c34840c99,Why U.S.-China Decoupling Isn’t Happening - China-US Focus,CN,US,GoogleNews RSS CN-US,https://news.google.com/rss/articles/CBMiiwFBVV95cUxOUFZqR1Zta2cwamlwSF9HTHJSNlVlcWRhVGdkdlhBazlwSkhHa2RjNnJsVGRtR05QZjdrcm1LMUdYUThISHlDcWlEM0hpV3VtR09zRGRaZmJ1NzJ0T2pfSnVWbVBJYmU5bHN2aHIza2FMUEhFTG52dWkxajFkclQwMkI2MDJZNEx4aTBR?oc=5,2026-04-10T09:16:06Z,Why U.S.-China Decoupling Isn’t Happening - China-US Focus. Why U.S.-China Decoupling Isn’t Happening &nbsp;&nbsp; China-US Focus
cf35526845982169deec,Trump threatens 50% tariffs on countries that supply Iran with weapons - Al Jazeera,CN,US,GoogleNews RSS CN-US,https://news.google.com/rss/articles/CBMisgFBVV95cUxPOEdpaWR3eTFXcHFFUm5fd1hWYy1IcFRYamNZRWp2V1k2c29JZjdLWjRjcGxUVUZmR2dhdkZFWGd6ZUtCQm93cDF5eDZvbVF2ZDAzTGxnME5sLS1ESnRMNXBkeVVNMGhoeTZGMjVqcHdJTTlOZkQtQTluY3FRX0ViY3ZhMmN6S0stQTlmc3JsSVJxZWNnRHNUeFpPemVBeVd3OGlIQmdMYTR6amtkR3U3X2pR0gG3AUFVX3lxTE9uY1hxODcxYkdYMVk3ZXhYY1MzcGVvelBKNVNvOVdnS1BYak5adU4xc2lCbmowdlJYbmEyUmJvYkZSUXZYLU1DTWdSaUo5cGpFUFN4TTJxMGNOSGJQNFpZVXNEX1ItRnFoYjlQN2hlVEJEQU9DdzNMYzgzb1JGLWpWOEpFcHJtQndCNXJacVNhZXdNWVpJTXZ6N0VxdHMzQ2lITmQ1VW5FTHQ1T2E2Q0ZmWTQ0UDNSSQ?oc=5,2026-04-08T21:30:24Z,Trump threatens 50% tariffs on countries that supply Iran with weapons - Al Jazeera. Trump threatens 50% tariffs on countries that supply Iran with weapons &nbsp;&nbsp; Al Jazeera
c51c570a862cad9bb062,A Great Wall Around China - Commonplace | Substack,CN,US,GoogleNews RSS CN-US,https://news.google.com/rss/articles/CBMiZkFVX3lxTFBRZjlVOERfZU1DVXBUbWowUzVMbG9ZYmhLdGVIMjROOWZMb1F6R0F3eHdjV19BSUhYMWdMVk5IZVhDNVFCcklWX2J2UVc4WVNaa0g3d2RFT0NsVVFlWnJmNEQ1bUctUQ?oc=5,2026-04-09T20:26:09Z,A Great Wall Around China - Commonplace | Substack. A Great Wall Around China &nbsp;&nbsp; Commonplace | Substack
4034edf273a528edbfff,Trump threatens 50% tariffs on countries supplying Iran with weapons - Reuters,CN,US,GoogleNews RSS CN-US,https://news.google.com/rss/articles/CBMipwFBVV95cUxNdkFERl9sVHBjNm82NjU1TDJ6TmJEQmtvd1RQc3kwMjBZY1hyZkxuckV1ZG5KTE9Fb01JMDhQOUNRQ0ZUOXlkZG9aUnNieDktWHJZM0dMaFB4UzVLVnZ3T1pseVZ5N1pTLUVYZFpDZkc3UW5Pd2U1V0ZIc3paa0h6YTZYNnp2T1o2akhlVW9MbGw0c2lmQ1Jjc1FDeXQwakFZcVdBQkdrdw?oc=5,2026-04-09T17:48:05Z,Trump threatens 50% tariffs on countries supplying Iran with weapons - Reuters. Trump threatens 50% tariffs on countries supplying Iran with weapons &nbsp;&nbsp; Reuters
92682d31640b3e5286a2,Trump’s tariff threat on European cars escalates global trade tensions - South China Morning Post,CN,US,GoogleNews RSS CN-US,https://news.google.com/rss/articles/CBMi0AFBVV95cUxPekpGLVJSMEp0Qy16bnhTNEJoNXdTNF82b2dGS0tlUUhjTkZYRXlaNEhvdFFRVmRYeldVQ2lSOEQ3V1Q1d2d0MGhJeHFzUGNnZnBkSW1YeHVSWTZqM3lNS24ySkg0eVJobS0yc1J0S2hxRU5tMlY1X2x4aDFYbDBUSU5hLTJIUlJCYnM1bXlpSi1hdXZVdHp5V3JSLVVySDFDVE5XN0ZiZUxxOWttYng4dHEteWNWQnhubWNSVTVNNUtfUjl6ek03TWlYdjRPNUhH0gHQAUFVX3lxTE15T1Brd1hKU2xiTVh0MkpoSktWWXg2Vno2N0h6OExXTVgyT2pMUHQzWTdheTF5c0MtSWZXbWRRMG5kUnRSM1ctc1l5VG1JYVIwUzlqSGhDcUdhUzBjRThRaHRBbG9KeHJyZ3FvSnhudFZFam56YkZvN2xtT3ZJc0VCUU12NlgxUURXdTdmWncwb0xpeGVteGxpTzNPRWhQMU82SExVeV9EZzg4YzlkdlJEaHpnamtGdzYxNEZ5elVvVS1FdExWZXpyd1hJZmIwLUM?oc=5,2026-04-09T17:44:44Z,Trump’s tariff threat on European cars escalates global trade tensions - South China Morning Post. Trump’s tariff threat on European cars escalates global trade tensions &nbsp;&nbsp; South China Morning Post
f45e007545f8d197262d,Trump Tariffs Target Iran’s Arms Suppliers - Mexico Business News,CN,US,GoogleNews RSS CN-US,https://news.google.com/rss/articles/CBMimwFBVV95cUxPQ1dwQVpTOGtwa1pwWHJhYlNmcEkyNEc1YTVMZ3hEUk95RDY4VkFrMS1Da01oUHFiNXNvdVhqTDJPOEVNVS1rb2RNbUYtbEVSNEROdEoycmxRTFZ3RnBuWm9iRm9VOW96SGRnMGlfZnM1a01fWThkT1ZFRUlEUTc0QTM2LXVTcHdFQk5BV3ppLXZsbi05Q01qUTVEWQ?oc=5,2026-04-08T18:48:51Z,Trump Tariffs Target Iran’s Arms Suppliers - Mexico Business News. Trump Tariffs Target Iran’s Arms Suppliers &nbsp;&nbsp; Mexico Business News
a1f35628d0ff2d0a56a6,Trump says U.S. will apply 50% tariff on countries supplying weapons to Iran - The Globe and Mail,CN,US,GoogleNews RSS CN-US,https://news.google.com/rss/articles/CBMisgFBVV95cUxPQmIzUFUwLVRzaHVFSEowNFdGQ0ZfbmI0WnRPeG1sb2JRMDVxaFVKVkJqRUp0cEtZT3lGemczaEVtZ3J0Mi01MVdRVEhXeG5zUnBxV2Riek9oZ0JjX0ZWeThSUGZJd05ELVkxakxlVWo4d3FiWFFONjBqUjVSX2Vub09mZlFfUk5JZmRVaHpFcEgxajl3UEhORUZfVjhMZ0swU2o2ajk3QzBnV0FXZnFRY3RB?oc=5,2026-04-08T16:20:43Z,Trump says U.S. will apply 50% tariff on countries supplying weapons to Iran - The Globe and Mail. Trump says U.S. will apply 50% tariff on countries supplying weapons to Iran &nbsp;&nbsp; The Globe and Mail
42abf661af47a8222dc3,"The US tariff shock in 2025 vs 2026 – same negative impact, different drivers - ING THINK economic and financial analysis | ING THINK",CN,US,GoogleNews RSS CN-US,https://news.google.com/rss/articles/CBMiqwFBVV95cUxPSkF1V3pxRkJObXRoTm45RjZHZlNQQ1hONl9uTkYtRE96OVFwclFXOG9INXpFNVpuN0tTZnRCS0l4eUg1OTQwQU9iQlVkd1JOcEgtX1h0bGhwZHlmcUw5U2JId3JsS3lYQ0E5Yzc0SVFaQlVRUFFDZGtoLUZBVVYxdFBqREFfWm1DRGVrSEFxeVZ0bm5zX3d2clJqV0s4alM2Vkk1a1luZG5Pdjg?oc=5,2026-04-08T15:24:43Z,"The US tariff shock in 2025 vs 2026 – same negative impact, different drivers - ING THINK economic and financial analysis | ING THINK. The US tariff shock in 2025 vs 2026 – same negative impact, different drivers &nbsp;&nbsp; ING THINK economic and financial analysis | ING THINK"
0aca64e826deeb3d6f6d,One year of tariff shocks in Canada: What we learned - rbc.com,CN,US,GoogleNews RSS CN-US,https://news.google.com/rss/articles/CBMiygFBVV95cUxPNmJhLWlpd2N3WEdZRWhLREhQQTU3UGFmd2lBdHlKYUVvSExmWlVWLXZacEFsd0p0ZENNcEc3Tmw0UkVTdFA5X0ctY1pURVRMWGl1RXRYbUN2QlQyQTMzbndFRENSZ0hJS3ZfQXpUUVRTbVd6U0FHNkFjV3RMMXA1S0g1X1hYRE1tS2VRVzFsYkEzNGtsd1R0cWIzUXdQazlzSGM4aUgxSGlMQjRTS1UtNWJKODJVT2ttenc0SEhNOGVfaFVhbWZscG5R?oc=5,2026-04-08T13:42:54Z,One year of tariff shocks in Canada: What we learned - rbc.com. One year of tariff shocks in Canada: What we learned &nbsp;&nbsp; rbc.com
baf69372d0a00577f161,"One year on, is the Canadian economy managing the shock of US tariffs? - mpamag.com",CN,US,GoogleNews RSS CN-US,https://news.google.com/rss/articles/CBMitAFBVV95cUxQTy00aF9KUVctLXZXOW10RTJSLUszbVVJVjVWalF4OS05NGJ3a19CSHI4MFVZREU0aG5MOTk5SkFlUWdsQ0pCRmxqSE1NMkZaRWJoRVFhM09fRHJUOGdBUGk4OTA0azlVRG5rVEcyaVFtdXRsbndMdm9MWnBwY0dpR09MSEdtLWhGRUZxeFBpTGJNb3lwc08wdG1sdmQwWVlpQmZUZlhieExiMlZwaGVXdXRkMlo?oc=5,2026-04-09T11:32:16Z,"One year on, is the Canadian economy managing the shock of US tariffs? - mpamag.com. One year on, is the Canadian economy managing the shock of US tariffs? &nbsp;&nbsp; mpamag.com"
44fa95d744cf9caad24e,US trade court weighs legality of Trump 10% global tariff - The Economic Times,CN,US,GoogleNews RSS CN-US,https://news.google.com/rss/articles/CBMi1wFBVV95cUxNc0FObEw1SXp3SEZIcGVia0JCczZKclZPSlB1b2g1aGhmOWt0bVJELUNUaHJEVUg5M1N3cWhGdk1kQXBCc3dHUkdHNms4ZDN1ZWZIemoyUl9hQmJHeG9JcU0wNW9IZHUyZjQ4alFHa1RJOWlYdi1NY0RITlUtMTJPMmFyZ25NbjBZMGFxcENudDdMTGFxOWF1T3l4Nkdadjh6VmpucXBzb1VxRjZsSE1CcTk5TnhRZGxQM3hIVEdtaVVnWXJCSjk3V0QzcHpPV1NnSjNWMkd5QdIB3AFBVV95cUxOdFRPZkFMekltdVkxUHZpcXF2dGpSQzB0enhpVjZlcmlkeHFBSEdkUTNhdmxFVTFBTm5NNi0td294eGcxdHJpNllOOTNpSWJDeGxfMHJYN1VMNno3dXlMVzk2YzJZdUJ4ay1nLUhKaTAwVUhvUlRQSl85dkh3S1ZrVnFfTjl0RFBScFIzbkt2OTlUSTV5aEJKRUtWcjhleEdSNnRiVVFRZEpYaDBLaW8yWFZVVTUzTFY2OHFRUHFPdjNnYzBsSTM4NjZrWEJtU290QnVUY0FnZU84ZGk5?oc=5,2026-04-10T10:23:22Z,US trade court weighs legality of Trump 10% global tariff - The Economic Times. US trade court weighs legality of Trump 10% global tariff &nbsp;&nbsp; The Economic Times
0e51d1f8d49dad1690f6,US trade court challenges Trump’s basis for 10% global tariffs - The Business Times,CN,US,GoogleNews RSS CN-US,https://news.google.com/rss/articles/CBMipgFBVV95cUxQaWhzY3Z0RnRsdTRjVlJuRThBTmo2bGkwaDU5ODJfQThsckNmenhpdGV1RFdjc1ByU0tYZEZSQS1mMjlFSGJDaFJRY3VHZTlOUnVqNjVuSVR1cUpyaWhTSzEzSDZkS1RaRHhqdkRhSFRNeUQyeVlpelRZVGg3Zjg2d3hRd09oWlh3YzNJc0RqS1RVTE14ZHFJVXQxU1FqTzdWQ2Nnb053?oc=5,2026-04-11T02:20:00Z,US trade court challenges Trump’s basis for 10% global tariffs - The Business Times. US trade court challenges Trump’s basis for 10% global tariffs &nbsp;&nbsp; The Business Times
51ff28ab13f33752efb5,The Supreme Court’s Tariff Decision Could Affect U.S.-China Negotiations - Council on Foreign Relations,CN,US,GoogleNews RSS CN-US,https://news.google.com/rss/articles/CBMiqAFBVV95cUxPOVBHZzlnWWpycEVRZkliM2VEaFRZbFZQX1Z4bHlPNGtIZUNNSktmMWFOZEpVVXFiMzRNNVNBeUVKZl9DQ3ZIM3hIOVdxME1VMEVPZURBamR0U2lycWQ4b3dZZ1dpRVV1WmlrTnVzRTFLVHc0MnpiNmE3S1lKbHhMV1B2ZEI3OWp3Z1U2RDc5a09Ld2Q3RXZGMWszbzRVYzR1MVZkeFdjU3A?oc=5,2026-02-23T08:00:00Z,The Supreme Court’s Tariff Decision Could Affect U.S.-China Negotiations - Council on Foreign Relations. The Supreme Court’s Tariff Decision Could Affect U.S.-China Negotiations &nbsp;&nbsp; Council on Foreign Relations
de94d8bacc95ea834b1b,From tariffs to trade flows: Diversion effects and China’s exports to the EU - CEPR,CN,US,GoogleNews RSS CN-US,https://news.google.com/rss/articles/CBMilAFBVV95cUxNY05nb0R3UjVQT3VFYXpJV3phV2hxZ2tEN1ZWNkx1d2x4aWx0c2dPa3ozRXVqZUtYMWotTzB4X3p6S2h6cnNQZzE2WVkyRzFQaFJzVTFtWThCcEFmcUpuTDkwX3AxWTlzZTNxNXViY2sxTVh5U2RtRWJuRXhfZHRuMXJTaUFlUXpmOXJwcEg5UksxMHhW?oc=5,2026-02-27T08:00:00Z,From tariffs to trade flows: Diversion effects and China’s exports to the EU - CEPR. From tariffs to trade flows: Diversion effects and China’s exports to the EU &nbsp;&nbsp; CEPR
f3fc9399e881f7916988,The Unrepentant Tariff Tool Has No Place in China-U.S. Trade Relations - China-US Focus,CN,US,GoogleNews RSS CN-US,https://news.google.com/rss/articles/CBMiswFBVV95cUxOeUo5RC1oYWtSbzM1WGctUVdSTUpFejA3UHZtbnJNaGFBT2V6SXVrblU5UWtBSGlZdXdXRllDaTlHY19GcVNoQ3BXaFVkVXA0N2JpUDNfUFlYZUpfUWVBRHNVYjBkNnBIY2pva3RMZnpBY3NoYTZwRU5ybzQ0elo2dmhwUHNFTVdkdW9BbFlDX3VKRnRURmR0aWVqcmNVSWZLRktJX0YwZEhLN3M3cWdfdndOQQ?oc=5,2026-03-10T07:00:00Z,The Unrepentant Tariff Tool Has No Place in China-U.S. Trade Relations - China-US Focus. The Unrepentant Tariff Tool Has No Place in China-U.S. Trade Relations &nbsp;&nbsp; China-US Focus
c88ac5da83144ccb8503,Ruling against Trump’s tariffs creates new uncertainty in US trade relations with China - AP News,CN,US,GoogleNews RSS CN-US,https://news.google.com/rss/articles/CBMioAFBVV95cUxNdWk4OHUxeUxNdkJQZlc1V2VPZjVQMUh2aWJ2Zi1DMmVYV0pSYUVZejRST3NzbEdPUjc3NTlhdllSS1dwOXJiT3prYlItRGlKbUhsNW9jdkhWN0RyUmFUVE1fV1FkZVVvTW05bzlSLU9kMEVwbXpEcW1qSXpLTUtqRFBpaHpJR1MxXzZ4YWFZUjAwMXZNUGNyWHJlSnhnOGFl?oc=5,2026-02-21T08:00:00Z,Ruling against Trump’s tariffs creates new uncertainty in US trade relations with China - AP News. Ruling against Trump’s tariffs creates new uncertainty in US trade relations with China &nbsp;&nbsp; AP News
18f586cbb40cdd3e2d56,"What are tariffs, how do they work and why is Trump using them? - BBC",CN,US,GoogleNews RSS CN-US,https://news.google.com/rss/articles/CBMiWkFVX3lxTFBweHdveUp5S2F0aGJwSEs2U2lOMkF6NzRNZTd3bEJUdTQwVjhRX0pjZmFzZ25hRzk4MHE0WW9KVkEtUjIxRUNWbXRzX3pmd1A5UWhyaE5Ja1ZWdw?oc=5,2026-02-24T08:00:00Z,"What are tariffs, how do they work and why is Trump using them? - BBC. What are tariffs, how do they work and why is Trump using them? &nbsp;&nbsp; BBC"
a2f4e9de67f1a7cae94a,Trump's trade war wreaked little havoc on trade patterns last year - Peterson Institute for International Economics,CN,US,GoogleNews RSS CN-US,https://news.google.com/rss/articles/CBMiswFBVV95cUxNV0VsQ0ZEbTBrRGJ4SVQtb0Y0c05oMDJaeW1OZVF4ckp2UWpPdlFYU0RfcFAyVHQ2WUpKYkNoaC1CaXo4REMzdHpjR1FkZm02dHVoTkhWbG0tZTVlTWx4MzZqUDk5cWJ4dHZlVFVzelFiVmtSZ0tiQ255MFgzeU5QckcxRlNLUXo5SF80SC0zVjdtNTRGZExfTlQ0NEdFRFE0ODE3N3FZc2lWVnEyWE9wTTRDOA?oc=5,2026-02-02T08:00:00Z,Trump's trade war wreaked little havoc on trade patterns last year - Peterson Institute for International Economics. Trump's trade war wreaked little havoc on trade patterns last year &nbsp;&nbsp; Peterson Institute for International Economics
745ee479378a3d4ab646,Trump tariff chaos: What does 15% levy mean for trade deals the US signed? - Al Jazeera,CN,US,GoogleNews RSS CN-US,https://news.google.com/rss/articles/CBMisgFBVV95cUxOZGdYT25BeHZZTXV2T3N0QW9lS2x4WXhzX0lpV3Jja3ktSzF4Wno3aWpUZFQzTzd1VmF5clI1WGthUDdzVkdpR2E4RzAyM3g2N1ktSzlKMjRHa3Q4dURRc0dGSVVudi1xSVhrRlJnWWpoT1hUQjQzVVJCOXdXOEktVm5aQUxUV2hDZElZTGlxdWZSUGlrT29ZeWx0MjhDcTVIVW0yRkJOWS12SEZBamd0OUhn0gG3AUFVX3lxTFBvZnN5TDhXUDdScTVCWnNGR1NaMkZCZWZSVkpuck5BaTM0N0tvZVktZFd6c2hmYkpWc2NqZTVOUFdaVXdLMTVvZWRkLWhZMTR6ZWJSMlpsOEFEVkZoU1FzYi1fZ1g3bTJsOUQyelZRa040R3pRUllRUXVpRlN2NEQtYWRkaTFkYlctcmFic0h5SDQ4R2dNT3NVdXZQUWRFUXpseHMtOVlyS3FNWkdPU1hsd0xoWTY2NA?oc=5,2026-02-22T08:00:00Z,Trump tariff chaos: What does 15% levy mean for trade deals the US signed? - Al Jazeera. Trump tariff chaos: What does 15% levy mean for trade deals the US signed? &nbsp;&nbsp; Al Jazeera
3b87a78a8f1a94a531fe,"Facing high Trump tariffs, Africa's leading economy says it's close to a new trade deal with China - PBS",CN,US,GoogleNews RSS CN-US,https://news.google.com/rss/articles/CBMiygFBVV95cUxOcVRMVEFKRmw4YjJxcGN6SU5aWDZ6WmM2TFAwOHpKVDBzLXZDY0E1blA1LUQ2ME82VVJqbEx4ZEt0T3RTTTVTR2tWUDZES2NlM0EyNk9xMm9XZ0R1NTZKY2dOcVZGd2lKY1h2dG1iZzlveW1YY2VrWTlIU2ExeGF2cjFSd1NtVDJQSzAyb0VmU2dRRWtsSHdPQkp6SjdkUW56ek9FVVJDbU5sY0dfQmtrNXljb3lDMUZ0X3hOam12cllXa1dBWjEzalhB0gHPAUFVX3lxTE9wbGpBbVd6RGdzWmpZVU8wdkplYjd1QzE5QzdGWnZhNmlHY3R5ZlVGUHp6b2pOVlNqLWtOUy1qenNpSnU3dWhjX2hhUy02U0hKaG8wek1IVkRnWHFwczN6WnhfbVcyQVhHNFFwTjg2U2xEVjlsYnFKVW5DR2pEYmRaQ2hKVjQ4NFBfc2FSOTlFUXdHUDBzWW1IcW5uZFA5MWNYVDlaLVFXb1JPdnlOVzVQMVd6ai14UFF0MTJkQ013QWNpVVBWeWpBazRMMWxfQQ?oc=5,2026-02-06T08:00:00Z,"Facing high Trump tariffs, Africa's leading economy says it's close to a new trade deal with China - PBS. Facing high Trump tariffs, Africa's leading economy says it's close to a new trade deal with China &nbsp;&nbsp; PBS"
0c79a3290e4b67984cce,Trump tariffs: What's next for Asia's economies? - BBC,CN,US,GoogleNews RSS CN-US,https://news.google.com/rss/articles/CBMiWkFVX3lxTE9jbk5TMWxLNTc0RnlFWEM2RlQxSWtjNTU2bXhaU05kZ2VjQ21oQXBHTHlVWFI0d0ZaY0MxcGJYT3Rra1o0bkt3aTA2QmJQUlZYMUktbVJmSm5fZw?oc=5,2026-02-22T08:00:00Z,Trump tariffs: What's next for Asia's economies? - BBC. Trump tariffs: What's next for Asia's economies? &nbsp;&nbsp; BBC
12739604ff78a1b3ba4a,India (IND) and Russia (RUS) Trade | The Observatory of Economic Complexity - The Observatory of Economic Complexity,IN,RU,GoogleNews RSS IN-RU,https://news.google.com/rss/articles/CBMib0FVX3lxTE9pSGg1RlRpLUN3ZHAyRFphVHNEcV9JTnFfVXNKY2tmaktoQ0VDaklYMGhMQUZLTnhFLWNvS055RGVITDMwcmxzWEJKTjVhQkhJVXpFbmlIV0xQQWpPNnpUa2lrckk4Y09CQWpuWFJRUQ?oc=5,2026-04-09T17:40:47Z,India (IND) and Russia (RUS) Trade | The Observatory of Economic Complexity - The Observatory of Economic Complexity. India (IND) and Russia (RUS) Trade | The Observatory of Economic Complexity &nbsp;&nbsp; The Observatory of Economic Complexity
f9b018749b0d965eef4f,Mapping Russian Investment in India - orfonline.org,IN,RU,GoogleNews RSS IN-RU,https://news.google.com/rss/articles/CBMiekFVX3lxTE5RbDhoMmtyNW5pQzBSd1ptcldNaFBzOS1Qb0xfQmo4TVA4SGV6d0RaZ2dPa00tdnZ3aFhhUDJtQ2NKOHBPcDNIODlnZFVpQUlFdHRvbTJTaER4LTNUMHpZaFlCTm9JQ2cxeGszSGl2YTlPeFAxZWQzZnlB?oc=5,2026-03-24T07:00:00Z,Mapping Russian Investment in India - orfonline.org. Mapping Russian Investment in India &nbsp;&nbsp; orfonline.org
383eba0306dd365a58ef,There's an India-U.S.-Russia love-hate triangle — and it's complicated - CNBC,IN,RU,GoogleNews RSS IN-RU,https://news.google.com/rss/articles/CBMiowFBVV95cUxNQXpZTEVOR09yUlFwT2tySWo4Qnp4S1hLbkxZMVVOX1VYUGtkS3dIMXNVQlN5Um9CTXRHNks4MmptOVR6TElmaUY0ZjItMHd0c2NrdjN5anlKWFVOM1R6eE40aHRGZHc1RFhLZEN3SXRLMktKZkhISkRSdlRHNmxGanJxcE9zcUExdTZqQVlGN21tcnI1T3M3TDJmZERSYlFPTUZN0gGoAUFVX3lxTE9kUEtCY3FJY2dfdmRWMDM5Ums2S0lxNGs0SHBHQ0RWQlRTM0hYUlB3U25MdU1rbmJvclU3cHhMNzc0NGFmdkV6bHU5WmpfWEhrbWVNbV8tS19jUlZGQlhJVkFpUHFYbW9EMGZ4bnJvOXE2TTRZSEFidnE1OTNFdW9aeTRySXZPc0xocExkbm9BUWJ1VDBfdlgwcU9pTk9hcUo3cUJYd29GWA?oc=5,2026-02-12T08:00:00Z,There's an India-U.S.-Russia love-hate triangle — and it's complicated - CNBC. There's an India-U.S.-Russia love-hate triangle — and it's complicated &nbsp;&nbsp; CNBC
41ef6944a8453faef3dd,India's immediate end of Russian oil after US trade deal to be a big disruption: Moody's - The Economic Times,IN,RU,GoogleNews RSS IN-RU,https://news.google.com/rss/articles/CBMi-gFBVV95cUxQWV9PRWJIaEJTaEppT2ViV3dLQzB1M0xWWldpM21jYkpCU0lWMjMwT3FyUnhxZllsNVlnNXB2dEZjek16V0RQVDRqOWFVajJTSzhMVmhid0hIMjJUdm4xZGgzQTd4SkV3NUJVaGlVclZOME5uZ0IyR0RkaEo0RWlLbEZ0clc0UTJaaG9vVFBvQ19uUFVkLTdoa2lQbW14Ty1VMGljN1NGV0JhcUZPeURNZWFHbVhnVXhsaHkzUS1kUWxFRW8zV3BhUXk0Y1JCdU8xN2NYME9oT2k1YlVVSGNLM1RCMnNJTkhOSERRWTBxYmpUS1JyUGRVQmtB0gH_AUFVX3lxTE8zcHdoSGhCaWlaemIwRzJTYVpSdUF5WnJmczlFSzRCZXd5LS1FSW51YmQyWmVubVMzaE9lUGowVmpqVW5xRmZ4b1pJY2hRdkRRN3llcVFYRXFTUjg1NWFPV1pZSVY3MklxSUplSGFFbEdkNlN0WmE1Q0wxSzVsR3NPS2h3MHhQNVpTdjBkX1ZEa2RhbVVlRGptRm9zTVo3ZnNPMDFNMXFVWDZRQzk2QURrenJnSzBLX1JBV1B5UUxnTDl2VTNTV1pfZFVleVlBb0lnQTY3XzF4bkphRUt6Y1B6X09RQWlRckd4aVh4Znh0VmlVYXFwV2ZFVlF6X2RQWQ?oc=5,2026-02-03T08:00:00Z,India's immediate end of Russian oil after US trade deal to be a big disruption: Moody's - The Economic Times. India's immediate end of Russian oil after US trade deal to be a big disruption: Moody's &nbsp;&nbsp; The Economic Times
3fddc8b69f0b2bc9da23,"India’s oil imports from Russia fell to 44-month low in January 2026, Gulf countries saw rising share - The Hindu",IN,RU,GoogleNews RSS IN-RU,https://news.google.com/rss/articles/CBMi6gFBVV95cUxNRjdxR1h0Q2t0T0t4LTBLMjY5aVZmamVLOThvRFJtNU8zbmVsbUQycnAxSURfYTJnMjhrdjVvcnVLN3dyajU0UEgzVlpIQjFnTDVYRUdUbENlN1Q5RXlOYVhxSlVNOERfMWh1cDNRb21TTUZINFVUV3F3bzRzTUd5TndMMWU3eldqZVIyQl9fanVKRm1vajNDQXVCN2NCYUFhRGRnZWUyR2dmQ3Y5QklUd0RUNG5UODE1T3lpSWphSVJRYTk3V2IzMUZnSzZzbThqZnhpeXR6ZHdFRS02RksyaWxsaFYtS0JoWkHSAfABQVVfeXFMT3g4OUNhcWNLUG5TZUw5UXRibkNhN3ZkV2JOZjRja2tQdGtVTE5laVFGVms1dHV2clB0T0g4QjQ2bFhpam14LWR0RGI2ZDhMYmJXNmhTaTJ6a2sxS2pleTVIdFdoeW5FX3MzbFlKQW5pN3RYbG5LY25URkt2WWxOZEZSc1B2ZDNRMjROV2p4UlVaV2I0cEU4bnZHTEJORVJUQ2hIZnJHNl9Pa2FNd3hDcjFxV293TGdqNnhaMU8wLTJyYnZSdzhsclh5d3duWFdxUmU1c0VQd2pEM2ZDdFprUHh3UExoZVpELUFheFBMUGct?oc=5,2026-03-02T08:00:00Z,"India’s oil imports from Russia fell to 44-month low in January 2026, Gulf countries saw rising share - The Hindu. India’s oil imports from Russia fell to 44-month low in January 2026, Gulf countries saw rising share &nbsp;&nbsp; The Hindu"
a4d0c75491e1d4df91e3,"Can India switch from Russian to Venezuelan oil, as Trump wants? - Al Jazeera",IN,RU,GoogleNews RSS IN-RU,https://news.google.com/rss/articles/CBMiqAFBVV95cUxPblg4eTA2UUQ0YWJlTnBZa3V6Sm1pZFppMXVyU1VyMDBpclhYelF4ZlFlQkUxN0NLWDI0bk95WExiYXVEa3dGZkxMQjFTenphRmx0WG52UEMxclBxRkhXQmtidEVfcjFEWFo3Nm43cmNtUFVQdlBfazRsMU9NOUFQX0hiMHFXSzZZMXhaWmQ2VlFGRmhMdTV1cGVaRmlQMHJKSEFyTDF5ZXbSAa4BQVVfeXFMTTlDTWV0OWUyUktEY215Yy1UYjV2YW1fWTlJYTdIeG9qMW5odkJVT2Fza1pPWTJjMHBwNnRFaXRveFNVcG85MDh1RTgwbDA1X3BHQ3VOanpycGN0TVdid0hUQlpkNEZWVUxWUU1jelZKdXgzbWp0Z2xaWm5zdlVKelpoUHhvZ3lWaWpLWkRBbThiUGU4MG5KcUhpZF80NTk5a0FnellLa2VJOThBZ2lB?oc=5,2026-02-04T08:00:00Z,"Can India switch from Russian to Venezuelan oil, as Trump wants? - Al Jazeera. Can India switch from Russian to Venezuelan oil, as Trump wants? &nbsp;&nbsp; Al Jazeera"
efb2817c54ff2e2e0267,"Oil Energy, India-U.S. Relations, and the Russia Conundrum - Council on Foreign Relations",IN,RU,GoogleNews RSS IN-RU,https://news.google.com/rss/articles/CBMijAFBVV95cUxPRmt5LTVSaFZ2OG9hUXdOSW55OS0xLWJPTkxpUFVoMVo3ZFBMT2MzZlI4MUtUcjFQLVAzTm1oOTlGdFhCSG93cXppME9KbFh6dDRMeFhwekRsbUtfSFR6b182QUtoLVdKV1FNd3FLNUVWZTNFdVdmYkFLUjVGZ25MWlhNdHFycWtYSUhHdQ?oc=5,2026-02-17T08:00:00Z,"Oil Energy, India-U.S. Relations, and the Russia Conundrum - Council on Foreign Relations. Oil Energy, India-U.S. Relations, and the Russia Conundrum &nbsp;&nbsp; Council on Foreign Relations"
56739956600a5f8b65e6,Opinion | Trump's Claims vs Numbers: Can India Really Replace 87 Million Tonnes Of Russian Oil? - NDTV,IN,RU,GoogleNews RSS IN-RU,https://news.google.com/rss/articles/CBMirwFBVV95cUxPNTBISUhra3BGMjR0bllXY2tRYjdCVjF5Q3VycHdoNkRaZ0RBU29Qd3BLYm55Y0VFZm9WQTdRVFNQdVItN21RZEY3T0lyZWZCd3cxd3pyZDFNdHo5d2VtZ2N3V0oyS3JSWWRlbUd3VHpsaEhFbk90SXFLVW5JSmNFSHV0QzZyLXo2RmpNNEx6dTNBZ255eFZUS0NKWWp1V291bm0yNVE1QWJfUUFFcFVz?oc=5,2026-02-10T08:00:00Z,Opinion | Trump's Claims vs Numbers: Can India Really Replace 87 Million Tonnes Of Russian Oil? - NDTV. Opinion | Trump's Claims vs Numbers: Can India Really Replace 87 Million Tonnes Of Russian Oil? &nbsp;&nbsp; NDTV
69c88a54c3bb0a612876,"If India stops buying Russian oil, what it could mean for Moscow’s revenues — explained - The Times of India",IN,RU,GoogleNews RSS IN-RU,https://news.google.com/rss/articles/CBMiiAJBVV95cUxQQlYyUUVDcEZxTEVUY1RCRnhOVVptUVBKSElWOGR5QzFRdmxnY3EtN19jVXBnc1R0UjVSMWdNYkQxSDY3RUI4M3duS2lsNmNHVGh0S1YtQWJXWjEwbm50UVdNWDZ3ZUNibGd0WGNlTW94U3JfWlB3VDRxVkQzeHJUQkpCbGgwOVc5MER0X3lPQ0hGbVJzYmZGeDN0N2xiOHRucV9rcHI4aVNhZGd6ZzhkdkFLeFdtRzZoR0FrVUUtY0l0NmItc01DcmZfMjRvYmwxUmh0Ti1VMTVsUU1EMF9SeFgyMXBWS2tWalhWRVlQdlY1czM3ejRWbTMya0k2VlBITElEU0h3UnjSAY4CQVVfeXFMTWFlM291WmZpYkQyZFNxT05RV0hfNWhfMGg2TmlOREFoRjBWUFRad0pUbGJNY2NoUWNPQmN5WXZhRGlhNUprZVRPQkkzaTRQNzIyV1g5dUpqY1pudExFQTV2LVpMV0R5SG5BaTQzNi1oYmdwZlFVejlheENXVVpzWUVwMjB3YmlUbk9XWWVrVnJ0bU5XQ3RPSDEtdTFKb1hEWUNkaDFvWUFCMkliS1pjRE5sMTEtU242ejIzYmo3ZEMwRzIzQ052MEZvVWNUWUNuSDNyMjZXX3RQU3F5clYyTFBFaVN2WEdScGloQURWcXEzOGZ4UFZqTEZBRFhYeHdBRTM3S0pWd0V1RGlGZUpB?oc=5,2026-02-04T08:00:00Z,"If India stops buying Russian oil, what it could mean for Moscow’s revenues — explained - The Times of India. If India stops buying Russian oil, what it could mean for Moscow’s revenues — explained &nbsp;&nbsp; The Times of India"
cf10b4582fed448b3f8f,How the US Trade Deal Complicates Indias Russia Equation - TheWire.in,IN,RU,GoogleNews RSS IN-RU,https://news.google.com/rss/articles/CBMimAFBVV95cUxNaXFTblZKZzAtejZhOThFWFpmcHFxUll2b2EwdTZHVGMyQm5ZUDhLckhpQkJUNzdXcVRHQ05LMzlvbHF2SjNHNkRZUEpJanRTUEhJS1NscjNPdWJxNWMzWHBoUXZXZ09PVUtkQjNoN0oxVlZhd2lWNVNkb2ZNNnBfdGdtQVRoNENsemJhRnRPNHRhWElYRUUyctIBngFBVV95cUxOMEJVSTNTNHRINUxOeVB2UHNrM1VzWkQ1M3BVVl9iM1ZIMm9tUkVpU3FoVzhFcmpwb3pQNEk4ekx0UU5mR045U3FPbXBXbkF5SE1zSlloczEtMmQ3QXZqZEdJN2k5TjY5Qlo3cFRMM3lHVnBHRW9mX2ZkTnhzSUZNUms2SVNCcDFtY2Q5VzRBd01WVWtpQW05eTlNeGVIQQ?oc=5,2026-02-05T08:00:00Z,How the US Trade Deal Complicates Indias Russia Equation - TheWire.in. How the US Trade Deal Complicates Indias Russia Equation &nbsp;&nbsp; TheWire.in
2edb96ceb6955a1357c5,What happens to India’s Russia oil imports and target of $500 billion imports from U.S.? - The Hindu,IN,RU,GoogleNews RSS IN-RU,https://news.google.com/rss/articles/CBMi3wFBVV95cUxPc1lWSVBfNktJXzlsTlJRNVA1aDNZLWszX29OSGdJX1otOUJiRUJINzlUYjJlRm1OWW56cHo0c3BzSTVvV2JkWXR1VUlHejNWdmpiQ0hIZkc2aXFpNHEzOGZaWlpidElRZ1Q5czkyYmpwQ1RLV3F0R2M3MjRMZmNZUXktYlJhcUh4QzVtMXhYTHdQYms1M3B4c2NGS0lvbEFMVi1EVzQ2Q3F6RXRFRVNoX3dKbGRrOG5ya0E5bkVjY0hPT2hNc3pHNEhOQTBRVXEzT1BtRUZIeXYzVUdVNE1n0gHmAUFVX3lxTFBXNlhZRVlxdVNtM2lvTW9tMUtvME81RWp4WnQ5dUltbEZabUlKbVdfakV2M2JJWER0bDMxMDV6QmlkOGlXM3k4d25DYTZ4NHZxX2ZVVWRWRzlPMmt3UjkwN3FKODhwaHZ0NXRqaENRbmZPaHFQWUpVWDB0a29MRU5QdzN1ZHpHTk9JS3dXSExid1hPLXVTRmN6dk55QUQtY3A4OUtuX2Rpb1NiVzNpdExyaFY0ekZQb2t6SEVUYUpfT3dKb1RvZ2Q1Y1lMeHEzTGFXVmdBNjBEVzUxeXJJY1BaTjE2aXBR?oc=5,2026-02-23T08:00:00Z,What happens to India’s Russia oil imports and target of $500 billion imports from U.S.? - The Hindu. What happens to India’s Russia oil imports and target of $500 billion imports from U.S.? &nbsp;&nbsp; The Hindu
2b47e8297e18f8ad0277,India–US trade deal: New Delhi may scale back Russian oil buys after tariff relief - sources - The Times of India,IN,RU,GoogleNews RSS IN-RU,https://news.google.com/rss/articles/CBMihAJBVV95cUxPU0FNaDZGdlRPdFowZm1Mdk1RSGJHd25mMkVvemVET1hEeUJpVG53Ti0zZS1WNDF5WHBmdHpjb2x6VTA2NktzdmpsUzdaTnlaRGw5NVAySVZ2LTdFQ01iQ0NBeUk2b0ROMjI1SDhmOTR5TTV3c2puU0RLc21GdDl2S0RwUjRrdnZaYWpwRWRTT2lPWE4xT2l6Umc1TXJxcGVGU1NsV1k2dTJQUmJpN3EtUEJXZXFOZ01NYk5VaDdMNmZfZnJMS3RNYk1Tazd5eWRtWjJTYkItdW5nbnNxX01kMWZxaWNrOExRdFNBZS1ja2FiRnppZzhVMGh5ZkFNVUZFYWVSQ9IBigJBVV95cUxOZWNCbVE4M2ItZUpzYjN1UmRmRk95NmhiY19yTXFoOVZJdFFlZFpHTXFEd0FPLVNvN04taGwxRlk4M3BZQnZUUXBDcF9VRWJ6VHg3M1hUWEtfZ1Ywbmw3b3c0NXNpc3pQd0ZORHZMX2pHMEVsQnEyQV9OVVRVdFAySEFDTjVvUzE0b0hhLVRTbzVPWlJDczlFRDJ4ejJvcGlaV2VsUWlWZ0ZEcnZmUjlIZ1pCcnplNkZRVjNINm8yLTZPdHVuRk1vamllRlA2c3liOFBZOXJwa2ttMjRZWEU4ak9ZUTN4a3JUbGZNMHhYMFJFNzE4a2FrYWZZTVZVOURsNFR6RkI4LUZ5QQ?oc=5,2026-02-03T08:00:00Z,India–US trade deal: New Delhi may scale back Russian oil buys after tariff relief - sources - The Times of India. India–US trade deal: New Delhi may scale back Russian oil buys after tariff relief - sources &nbsp;&nbsp; The Times of India
5080c092f3973bdbe445,The Russian niggle in the India-US trade deal amid the celebrations - The Economic Times,IN,RU,GoogleNews RSS IN-RU,https://news.google.com/rss/articles/CBMiowJBVV95cUxQRFNhVDZpVFFQRVFYcUMxaEU4N2oxY3NfcFpmVDdZVzFhUjNUaE5Wa1NfVFFSYnZ1V3M1X28yaXpDT3Z2dldvSUl3NFh3NW9yZFJ3M0sxbERiTW9TZGMtV2ZCTmRLc250MDB5eGlMVTg1T29SaThlekpMaVpFMlNSX0dmTGhPaVpvejhvRk1CMTBiczNnRER6ajdtS1l2bnM3NlRmV2hjaHFDejlpcjYyN2I0bmpKVmxuQ3lJUG50T1g0MDU4YUY1TUp0QUFqN016QmhtVFc0d0ZlcUtVaDhhbUlLa0VJSHdGVnQxRTFLeVJ2Vm9IeFVWNFJfWmRCaGdPU0VneHg1Y2tRY3QySFdHMzZ3TDJ6eHlXaHhibHo3Nll3Vk3SAagCQVVfeXFMT3lMaFBGNDRaUF9EcXJueHo2QWMxN3lUZW1lMXZpR0kxMmJualMycVlBTWN6MllxQmRPOGVWTTh3SjdrZUI2d19YQzdMT3NwNzc2T09CSzhrV0xjZnUwQmpJamxaS2x1a2ljOXlpeUV1WjkwNy1HUWt2d0tJSFQ4UlRNb01xdTJKN1puSTFzYS1uVl91T0RHYVRWeHVZX0RxQ3UzN01HSXpNZFhOT0VTQkNkXzltaXU2LTJMdDI5d3dDX0dLbWlVZGJLdkRiVDhRY1BMcXA3cFVPRGh0b1ktRlhBZHgyeEdfamJDbExMRjAwX25iZHF6a2NsQU5EalFtTmdIX2ZvMG5PRzRtYWdIdnZyZm8wRjF3aXk1UmRDR3BHNldlT1Z1YjU?oc=5,2026-02-04T08:00:00Z,The Russian niggle in the India-US trade deal amid the celebrations - The Economic Times. The Russian niggle in the India-US trade deal amid the celebrations &nbsp;&nbsp; The Economic Times
137ddf6c3b0e4bd3fe10,Trump Says India To Stop Russia Oil Imports After US Trade Deal: What We Know - NDTV,IN,RU,GoogleNews RSS IN-RU,https://news.google.com/rss/articles/CBMiuAFBVV95cUxOc2E4ZWJ5cWtRcW1VOTVmRkJQSnFnTHpEeEF6ZjA4cnh1VWdnU01tLVI1LUpCMnllQlFGanZZTlM5MmZaZ2pydnFNcVQ0Um1OZmtTM3ZlZ3RwLWl0cjYyeW9NdkIzSkh1RXVFUmx1QjZRZHNER1pXQzV2a1R5cjdEaFNEbFRyNGw5WlZybzd1cTF5SVN5eGJYQ3JuTF8wUnhWNFpiUDJzVVJMT19pUmh1dEpMSHFSbGxx0gHAAUFVX3lxTFBaV1FtUzFmZG52eExka2JLWWgtdFFHUC1IeTNoSURIU1FISl9SQV9EZFRaNjRrdW9SbXFCNktvSlpsRHJtdXR5czR0bHpiWkhaTjFNRll6R1lXWnJFVWdrOERtblVmd3FUVXg0YV9zaWxuUWhURmtmbmN4dWVreTZkX2pIRU5rQzJJMHVVZm54Yml6WFp3NEk0cVY0UG55X2luYjFRcUNma3hXN2RuOXFSVTJtYW5aZTRpZ0VQcWdUTA?oc=5,2026-02-03T08:00:00Z,Trump Says India To Stop Russia Oil Imports After US Trade Deal: What We Know - NDTV. Trump Says India To Stop Russia Oil Imports After US Trade Deal: What We Know &nbsp;&nbsp; NDTV
eb685f467dff25fed522,"India importing more Russian oil could help, but earlier discount may not be available - The Hindu",IN,RU,GoogleNews RSS IN-RU,https://news.google.com/rss/articles/CBMi7gFBVV95cUxQTHA1bWZKUmMyT1B0bDVNUzdSaDBuM1M4Z1lvSUpwNS1aYnFGQWluVWptRG0yN2NkclByRkRuWFowbzEwcTZEWjJBbTZ2c2RmUHZCU2dJOTVXYWE0MnI2VGpIbWRGV0F6QWlHSUNFUDRSbmhXUnNPYWdYZ3BHWnotZlVVT3k4cEZWcXBKVFl3MFdQY3VwR0ZaZzJzY0htY0FqbHVRY3I4cFdwQmZCdWZ2TVIzOS1LTDVlNVhxOWhNMGtJN2FYUFFWZnNlemNiSjdsMjJucUhpdGV3NExWaGJfd2JyempycHdESUdqdmln0gH0AUFVX3lxTE1ldzFQX1JXem9CUDNUdkRuUnEzWlBFcTRpVlB4MUN6V0VJTlpWZFE1ZzkyMUZOdnJTU01vUFFDa3ZIWGM1aHhsX1d0Ry1nSTBPbmtneF9HbmFaSXhpUXRlN2NxM3lvbEpTOFlJa2g4NUZ1bWxUaTZleW1fVXRYRFpyd0pUeGI2TXBNaS03bnhpTXM3QjA3TDlxVllCQzkzR1h1Slp2ZTVPOFc2Zm1wNklLcVVIM3BtUkx6NDJMeDhwZ1o2dHZRODRjRzR0Q2xycXJpOE5GdFFjbWxEbjU0UEFyRGVjUGdkOFFDUEd3QW1Xc2gxWUM?oc=5,2026-03-06T08:00:00Z,"India importing more Russian oil could help, but earlier discount may not be available - The Hindu. India importing more Russian oil could help, but earlier discount may not be available &nbsp;&nbsp; The Hindu"
c7dff42ae476e08834d6,India's Russian oil imports seen halving on Trump's order detailing trade deal - The Economic Times,IN,RU,GoogleNews RSS IN-RU,https://news.google.com/rss/articles/CBMi_gFBVV95cUxQRjdBWWd0Z25RVWNKZ1pINGxrWkx4bUszbVgzS0dYWTJFUXNfSGgwRGxzTFBIcGFFdDZ6ZDFRQy1OLVBxbHd1UENmSEFSeERVek1vY2pvalNfa0FBZnVJaTY0SnN0UVFPeWdqQ1QyUnZLS25Qa0YzSm1jVzFDeGRDdmJhNkg0NTN2ajFfRjhHYm5vZjg3ZGRkVHlUQzJZUzBUQmw3SnoxSzV1QWE5bE5sUHhiUmZ3X0lFSTRtOEh3OU1zeDRSMDJSWEFZU0V1b28wZVlxWW5waGFEMTRQNmFkYzR6dVl4aENxUnFDeGU5MjFTTmh2a0hJWkE0Mzk4Z9IBgwJBVV95cUxPRTVaYUdudDlkdE1mVGZBS0RUZnZLNjZGMzZZR2EwanV3U3dmN0JRSnR4VzJFMWNiYnRnWWhzLTNaYUNqeElzMWJCcFpSQnBfYmRTWHpLMWwwRG9vajhaRm03STZoRW5majRiOXN5cXI1R0sxU0RURlBKajVVcEpTb09IYTNFdGxrWHFzUWdNUzh3cDhBMVNHcU82NVBsRktOU3JCa005VmZ4Y3otM3hyOVlwUFlVb3puaGl6dXIyT01KY21ScWdHZUhEaWx0T09VZldCTGF0QmtDNDJtczBzY0NMcFlxd2c2a255UXJCNjN2bUtLa25NTGFTaUNUTjlrWkRZ?oc=5,2026-02-09T08:00:00Z,India's Russian oil imports seen halving on Trump's order detailing trade deal - The Economic Times. India's Russian oil imports seen halving on Trump's order detailing trade deal &nbsp;&nbsp; The Economic Times
947229c3cfaadf53ec64,Iran Israel War | U.S. issues 30-day waiver to allow India to purchase Russian oil amid West Asian supply woes - The Hindu,IN,RU,GoogleNews RSS IN-RU,https://news.google.com/rss/articles/CBMi5wFBVV95cUxOOHc1djlTWDJXVlNSd0VaZFExYmY0WENMUEtqY1BubjdLR01ka0pSUExOT3E4N3RTeVFGSloySWFmeTV1UzEzQTNzSzRlQXRWZEZCNmtnTkdsMUJiV0M5SzFoX2V0SjNISmdTLURiaFhudzhjTTd5T2JnbVNLQ1FNUmVHd3VkNWo2bFVZT3VCQUxFb1ZxNUs3VUN6UjNPZ3NyQUFYQ1MyRUppdkhOaXlGR1RxcEhwOHNjTUJZSkstSmkxSFpRX2FOQTY1aU1QQjFUVlptWWl1elBlOUpVcFp4c1pIVmdQVWvSAe4BQVVfeXFMUDRmM1N3SWVfMEZSZ0RvcEtkOXRiXzZLdzc0T1Q2NlJRakpZSXVoTVdfQ2tCS19WRVVyN21xcHdUcklQSmVJT2ZoTDNSQVY0cUpCczc5QlBSWTlLV2d0ZWFoNnJnNXRvSlB2VjVJSlNMWm5xX0lBRVBwYTFaMjZmY0xZMTFtYVhkN1Q1bmpabm4tNDdyQU5ueS0wSWFyQ3dUVEJ3QzgzaXNrbjFRTHE0aXRVM2FyV3U1N3RueklJaGFEd2pvRGZKdmhWbFBMYzNvZ2p0UFl1LXVHTU1RUUwzNnNtRnhHeFhDRjlNVkpKUQ?oc=5,2026-03-06T08:00:00Z,Iran Israel War | U.S. issues 30-day waiver to allow India to purchase Russian oil amid West Asian supply woes - The Hindu. Iran Israel War | U.S. issues 30-day waiver to allow India to purchase Russian oil amid West Asian supply woes &nbsp;&nbsp; The Hindu
cc1496b7aea3c2ce7206,Russia oil’s unexpected staying power in India extends into 2026 - The Economic Times,IN,RU,GoogleNews RSS IN-RU,https://news.google.com/rss/articles/CBMi2AFBVV95cUxNZ1RuMGdSSWVTWnZJNHZGa0ZqLWd2Y25hQmhNdktlc2h0dXJpNVN4UkZwNzRCMUcxLUd1Zlo5dmNnQzNaenhTVGxiTzlNQXVyYVFFU01XQmM1VGZKNksydXVYa1R6MkR2eVV3c3FWRGN5QWlVbUtDd2J1cDlTTTItaXFwLWk3RThmRENkTFQzNTMyWnVQTW8xaWozMWVQVHdJRlNLTWFLQ3NuMW84ckExdHFWbVNzS0NnSG9OdzBXbGFJZDlwdEt1eEJ5Njh1NDNsMnVDRFJzcWrSAd4BQVVfeXFMTU94ZWZCR3lMb1FaVjV3TFBmZXIxQzdxSEk0U3o2QTh3UFc1bl8tVjNLU29IVVZxNF9Oa3ZuN3ZzdjNhWnA1LW12bzQxdjB4MG9FNEdHZDFWdHRBZGUtTlBFbEFsTW8tdmdIVjlrMXhDa1lmb0hhb1hoNzdWUnZNM3E2QmQzcERGbmFjNFR1ZHY3SmFKS3lWWEFHbi1NUGNLYmN1UXFIMXhtb3EzcFdvWDJCbmVnMTViM0RyRk5PNHRBdkdaYVdLYlkxTjJ2UktCb1FNdGVNTXFiTzJTWWZB?oc=5,2026-01-27T08:00:00Z,Russia oil’s unexpected staying power in India extends into 2026 - The Economic Times. Russia oil’s unexpected staying power in India extends into 2026 &nbsp;&nbsp; The Economic Times
2cde844b48718c394734,Millions of barrels of Russian oil are already close to India - The Economic Times,IN,RU,GoogleNews RSS IN-RU,https://news.google.com/rss/articles/CBMi2gFBVV95cUxPX3pfNDJ1UjV1bzJlbGJ3TUppWWhwek5IdzV4MjY3N3EzT2lSM0s3OWN2Mm9VSE1maWdTVUE5Y096V3V2amxleGZ4RkJST0FxdHdpMUQwd0FQUWY5a0ptMFBld0dKZFkzM011QW55anJsMGZ0OFFFS0FHT0NSUndBNGVVcTBQZl8wb3RfVTFQRE5uSm5qNzA4bWJiZ09BZ0wzODNUcUJ3cjJkU01XbXIzZ2o0WG5LM21yVEM5b2YtRV93aGhJM1UxQUx1VzdWSkpQaXNNLUVUTG4yUdIB3wFBVV95cUxOcTdxb1hsTHRYV1lMemttRlhkcG9iU0Z1TElST21tVklMWElsLUhMR0hKZDdHeXlXb0tZX3NUWkxSRUxsZ2M2VWZ5VlNPbUxKUTFhYVhscnBSbG5teFBTN0g0dHNwek9hd1dTbER2UG43REtQR282NWRHQy1SLXVVdE9zdWZIN0VxaDVBSTB6VlkzUjhBNElLdFlmblFSTnROc29kMjBtWV9NaXZjWlQ4bjd5RkVXcldjSU0zNEUxMmwwUFFrci1mcjYyT2hYbkxaVDlsZklFak1QUGhseVdF?oc=5,2026-03-06T08:00:00Z,Millions of barrels of Russian oil are already close to India - The Economic Times. Millions of barrels of Russian oil are already close to India &nbsp;&nbsp; The Economic Times
72ca6b7d4ed33a3f25ed,China's Russian oil imports to hit new record in February as India cuts back - The Economic Times,IN,RU,GoogleNews RSS IN-RU,https://news.google.com/rss/articles/CBMi7AFBVV95cUxNR2ZPLTJtbktkSWd0SGR4dHZ1dkk2YXNSVnBLMnhadjQxN2J5RWszM3NHTk9MTXcyVElnczR0a2pMT2I3MFEwc1JDTFVkTXN5VGxCUXN4cGszdXVrX0p6ZHVEb1cyWHBESkVPeXAxQnFqSVViSDVHS0tuTlg3T1VKTmEtZGZWTWZBNnZ4bDU3NlRTNnFPbUlULTVUX1dOQ3FXS0VKcFRCRFoyU3lKMGZoQ1Q4NWlPUkJha0h6a3JfNmRlbjRsQnF5bEYzNzBiUnQyZGFYWkpQU1NtRUZpYmIzMGZSM2ZsaVJGZHc5ZNIB8gFBVV95cUxNZVB1cGlqa2RxQUdCNk9BZ0dQaVdOQVMzQkhZTG01SHQzbkUzbU9lUF9NYl9RdHMtWGt2Yk44YjB5b2VRakdrM1dXOUl3d01ZZXlBTXpPVF9NNGNlRENkV3VqUXBvQllrT2NiOThUM2hEMjY2Zzl0dUJaZ2xlM0twdzBpQXllamw0NDRfeENLWlRvTlZ2MUpWOGxRQ2g2MHgzRHdsQnBteXZmVEFDYVJwV29fMzcwOE55TGNTWVVYTW45OURnOEtVY2dJak5ySUYxdV9LMTVqcDl0QXc1eGVKVHk0ODFyUk53Y3Y4bHdGWmFuZw?oc=5,2026-02-16T08:00:00Z,China's Russian oil imports to hit new record in February as India cuts back - The Economic Times. China's Russian oil imports to hit new record in February as India cuts back &nbsp;&nbsp; The Economic Times
88ac034e9082148109b5,"India's Russian crude imports fall 12% in January from December, shows data - Business Standard",IN,RU,GoogleNews RSS IN-RU,https://news.google.com/rss/articles/CBMi3wFBVV95cUxQU3hPUDJpTVZOOS13ejAyZmRFM0EzMUQ1SThVc2xKeHZlNldxdDAyY1NzTVl1V0tCTXJhaWN5Wloyd3kzMjM1ZFNDUzFaM09iakdjVEZOR2R1dUw1M0h3Y3pOVU1uVUVFZS1OWDQ2MWlpbmNpT0JuTXNvOXM2Rk9UTTZNcnc3dUtqWDhLNTMtUTFfYWlpM0R2dkVXOFJwSHUydU8xUUVEZDlaLU4zZ0ZNWW1ydWdQQU5HckZySE5BQ1Fhb3RqaHBRV1RwSG9Mb0VabWFLYjVwU2ZCT1Q3Zi1J0gHkAUFVX3lxTFBIRGZrYmRLTXVMc3JYWjdtbDdwekFndmptWXJnYU9OeFU5em1xUUNYUklTT2Jxa0ZHeC02S05vejlmLVpVQVp1QWQtTzFuT3Z2anJEQzJJTkVwcUxWSU44Rm04eFV4OWdOWHpxOGhpTk15ZHhiQVBRVTRtNXJDeW5ORUluLVhMZHA2S0VaYklXTlVuZG53cTEzWWlJZXBBOFVKZTl3Zk1XQktmVnZ0dHE2czFOWHJTWWtlbTUtY3I4Q1A4czMtcWt1anhRNTBjaGRIZ2ktSXNKWVB2anJ1S3E1OUxlRw?oc=5,2026-02-04T08:00:00Z,"India's Russian crude imports fall 12% in January from December, shows data - Business Standard. India's Russian crude imports fall 12% in January from December, shows data &nbsp;&nbsp; Business Standard"
67f918e492067932a2e0,"India-US trade deal decoded: What does it mean for economy, markets & Russian oil imports? Explained in 1 - The Times of India",IN,RU,GoogleNews RSS IN-RU,https://news.google.com/rss/articles/CBMinwJBVV95cUxPMm1lejR1aXp0RWdOZk9tem9GZ0xldWUwOGJFdTFFS2MycUNPM1A2OWVtaHBkTmpUVDlXZ3daQU55VnhrdVhUajFPOThOMDNWaVFjbEZuTkJkT0FyYWtCUTVDZUdmMDduNFdCMW5fNmRoV3ZJR2FZdlZ4Zjh1X0pyQXFiSXhiaDRzY0Y5WEVoNTN5Xzk4UGpyazFiYlJGbDR5b3k1MEp2R1ZkYVpZUnZfTHBrb1NuZ0xMd2E5NXpPeU9XcERWWEN4NS1iMnM4T2xYbUROSW9ESXlFWHFDRWRRNnBmMzBwcW1HSkNkREhfdHJZX0VWLVc2QTN6cjJKQjFtalB6Vk5kYzlxaDcyXzVjZ1J4VUFWR1NxTTdGbHEwZ9IBpAJBVV95cUxNcjZsNTRkYTFoZVYtRmJXaXRvdlFmaXlFdVBsd0NRbFV0cy1IcmVEWW90NTZBUHh1eDRpNTMtWlF4NWNQU1M5OU42cmYtMHh2V05CVlY2WVFlTWQ1TDhJOHgtbVlQT2VJdmN3dW1EelF5YlNzbC1fX09ZTVhLejVnN09manhocEhiaUpILWFWcUV1UTBQb3NXQmx5YjQ4ZkYtRlAyakVOaEpPVHZFNXVCeHlkdXdsYThNeXE4WkhmeU9kWW5qd21fV1JBdUI2dDB6Qm91NU9MZlBubkljYThBaVdUb3Z4R0lkS0s0aVpFMHZObTdySEQ1akx6Qzd3M0xoVHBvYk91UUY2ekprTVd5VjdrcHJtUjM4dnRBelRocFdZTkdL?oc=5,2026-02-07T08:00:00Z,"India-US trade deal decoded: What does it mean for economy, markets & Russian oil imports? Explained in 1 - The Times of India. India-US trade deal decoded: What does it mean for economy, markets & Russian oil imports? Explained in 1 &nbsp;&nbsp; The Times of India"
5ad19b8e73119494bf06,"Indian refiners await government advice on Russian oil import halt, sources say - The Economic Times",IN,RU,GoogleNews RSS IN-RU,https://news.google.com/rss/articles/CBMi2wFBVV95cUxNSDZkUDZTQVBkOGRVSHo1elZOUmxqaXZjTXBEZllLMXFnV0VZUndYUWlMUDJtalBlMmxqYmx1WG9XNGxuel91RW1ZcG00U2JiVEtnQ3lGa21wdXZuVnVkSjFEMmlGM0R6M1cyWFI0OFR6Z2FBakdMWnk0RzJhMUs3SUt0MEdMZXZXX1h3aV9Ja3hsdXdFMVlIZ0dENEwtMTViOS10a0pucVMwVXVWR3d0eDV5RlJrSTU4UnVESHFiZlVCeWMxc2dPeXBVQzN2a1NxcVJoSjBrRFpQdUHSAeABQVVfeXFMTS1oWG13LUlLbS1zaHZ5d2VjX09lMHBISlZ0NnJScVgzeGNKUldNY3lSSTVMWHVsZ1ZFY0cyd1NaU0VMUVhCeTJWTnBHLXVUei1WamY4MzVsVUlPMUZzaXRPTC01bFV3VWdRbTdUYm8wbUM1LUNZQzNtZ000dlp0c1JJY0Z6Y0ZtTlpqRlBqak9VZXpuRERVZnlFWFU1cjZDbzdlOUJSY2RDczFraGs3SVJKdkF2MGxhQks5bTFFdUMzZ3o2dms4ODVOSnkzOFgyckRFVFlvNUpPN3RhSkphcXk?oc=5,2026-02-03T08:00:00Z,"Indian refiners await government advice on Russian oil import halt, sources say - The Economic Times. Indian refiners await government advice on Russian oil import halt, sources say &nbsp;&nbsp; The Economic Times"
10f6ded6c36b921a59ee,"Explained: Russian oil, American tariffs, and the Indian economy - The Federal",IN,RU,GoogleNews RSS IN-RU,https://news.google.com/rss/articles/CBMipAFBVV95cUxPMFZsRjZVRUl1MFF0c19CSXlNVVBral94R09QTXRxZFpWTFU1ekFxcVE1dnJvbVhVdWg5SmtLSGFpaTRSeDlyYjNlY05mQmZNTlVhWm9hT1AxYnRVQ3d5b3ZiYkF4MkpoNThIYmxBaHhLVEVWeGZhLWJvR3d1b3FPV2RrbVlfWElicV9zV2xnbEYxdXJTZl9fQm1YZjk4YmRuOW5rNw?oc=5,2026-01-11T08:00:00Z,"Explained: Russian oil, American tariffs, and the Indian economy - The Federal. Explained: Russian oil, American tariffs, and the Indian economy &nbsp;&nbsp; The Federal"
58b3073752b5607c4ac4,"India not dependent on permission from any country to buy Russia oil, says govt official - The Economic Times",IN,RU,GoogleNews RSS IN-RU,https://news.google.com/rss/articles/CBMi7AFBVV95cUxPYXh2c0pLOTBRWnp4aGZnUnJjS0c0RVFPZVhMVzhUbURzVENqNElRR1FWOE5IRmVCVVpTV29WM3gzaEthVGJQRU5va21NY3piWmh4cTRWOVdsdld4d1FPM3g5c3VNVTd5dG9lWlV0ekJEQUp1V3d6UlBQbndNVzJPaHJBRFdWNWFCQ1AtRXlUTkhETzRYWFFTN2taX25qSHV4UkVBZ3FpOWNyV2t0SWNnM1M1SFp6STZvaFVxR0k1ZFFOZzJVUUN3MW1yOE9sYjlDcVUtdkpIZ2dQenhqaGxuNnJRbV9UbmMxWldJSNIB8gFBVV95cUxQUWQ4bTd1SUFaeVRUazBCUF9VYzY0blpJUXBGTkhVeE43YUltc3JqQks1UEc4RnRNcFFidWdCUnBGc3pWYllCUjV1YTFwVW5yVDV0ZE1fM2xUN1hTMnQtX3pGNlFsNVJ1akxoakNhTElTZVFqM25VdGNZOEgzQVdCNC1jeWJlLVA2aW1sSUEwNEQzcnJnSG9EOVdraFJWVnFWa1dJaUhBbkxZQzVZd3JTUEVtdW1vR3lZRGViOFhnaGplYUVmOC11b1VJel9WSFh2TDBDWTlrVnZreE1EQUdwUVhuemlRNU04NzJVYWQ3QUhaQQ?oc=5,2026-03-08T08:00:00Z,"India not dependent on permission from any country to buy Russia oil, says govt official - The Economic Times. India not dependent on permission from any country to buy Russia oil, says govt official &nbsp;&nbsp; The Economic Times"
